peptide,label,virus
AAFDRKSDAK,1,EBV
AARDRFPGL,1,EBV
AARQRLQDI,1,EBV
AASAFRCFI,0,HPV16
ADRPRAWRL,0,EBV
AEGGVGWRHW,1,EBV
AENAGNDAC,1,EBV
AEVLKDAI,0,EBV
AFLGERVTL,1,EBV
AFRDLCIVY,1,HPV16
AGNDGGPPQ,1,EBV
AGVDNRECI,1,HPV16
AHYNIVTF,1,HPV16
AHYNIVTFC,0,HPV16
AHYNIVTFCC,1,HPV16
AHYNIVTFCCK,1,HPV16
ALAIPQCRL,0,EBV
ALDGNLVSMDV,1,HPV16
ALLTLAAAL,0,EBV
ALLVLYSFA,1,EBV
ALLVLYSFAL,1,EBV
ALQAIELQL,1,HPV16
ALYLQQNWW,1,EBV
AMFQDPQER,0,HPV16
APENAYQAY,1,EBV
APGWLIWTY,1,EBV
APIFYPPVL,1,EBV
APKTPDACL,1,EBV
APQPAPENAY,1,EBV
APRAWISSL,1,EBV
APRLPDDPI,1,EBV
APRQWPMPL,1,EBV
APVPPPEPL,1,EBV
ARCSQATAEA,0,EBV
AREAEVRFLR,0,EBV
ARNIRDAACR,0,EBV
ARPRIMAPPV,0,EBV
ARQRLQDIRR,0,EBV
ARRGIKEHVI,0,EBV
ARTLNTFSAT,0,EBV
ARYAYYLQF,1,EBV
ATEEEEEAV,1,EBV
ATGMVPAVKK,1,EBV
ATIGTAMYK,1,EBV
ATLNICNFW,0,EBV
AVARNTDIL,1,EBV
AVCDKCLKFY,1,HPV16
AVFDRKSDAK,1,EBV
AVFDRKSVAK,1,EBV
AVFNRKSDAK,1,EBV
AVLLHEESL,1,EBV
AVLLHEESM,1,EBV
AVYGTDLAWVL,1,EBV
AYAEATSSL,0,EBV
AYQAYAAPQL,0,EBV
AYRRRWRRL,1,EBV
AYSSWMYSY,1,EBV
CCKCDSTL,1,HPV16
CCKCDSTLRLC,1,HPV16
CDSTLRLCV,1,HPV16
CDSTLRLCVQ,0,HPV16
CFLLCFCVL,0,HPV16
CLGGLITMV,1,EBV
CLGGLLTML,1,EBV
CLGGLLTMN,1,EBV
CLGGLLTMV,1,EBV
CLGGLLYMV,1,EBV
CLGLLTMV,1,EBV
CLLIRPLLL,0,HPV16
CPEEKQRHL,1,HPV16
CPLSKILL,1,EBV
CQKPLCPEEK,0,HPV16
CRAKFKHLL,1,EBV
CRAKFKQLL,1,EBV
CRAVKQSHLQ,0,EBV
CSSCPLSK,1,EBV
CVCLLIRPL,0,HPV16
CVLLCVCLL,0,HPV16
CVQSTHVDI,0,HPV16
CVQSTHVDIR,0,HPV16
CVYCKQQLL,1,HPV16
CVYCKQQLLR,1,HPV16
CYDHAQTHL,1,EBV
CYENDNPGL,0,EBV
CYFMVFLQT,0,EBV
CYSLYGTTL,1,HPV16
CYSVYGTTL,0,HPV16
DEVEFLGHY,1,EBV
DHEGFACLTVE,1,EBV
DIRTLEDL,0,HPV16
DIRTLEDLL,0,HPV16
DKKQRFHNI,0,HPV16
DLLMGTLGIV,1,HPV16
DLLMGTLGIVC,1,HPV16
DLYCYEQL,1,HPV16
DLYCYEQLND,1,HPV16
DPYQVPFVQAF,1,EBV
DRAHYNIV,1,HPV16
DRSDKAEAQS,0,EBV
DSAPILTAF,1,HPV16
DSNSNEGRH,1,EBV
DSTLRLCVQ,0,HPV16
DSTLRLCVQS,0,HPV16
DTASTTLLA,0,HPV16
DTPLIPLTIF,1,EBV
DTPTLHEYM,1,HPV16
DYCNVKNKEF,1,EBV
DYCNVLNKEF,1,EBV
DYDASTESEL,0,EBV
DYMAIHRSL,0,EBV
DYNFVKQLF,1,EBV
DYSQGAFTPL,0,EBV
EDLLMGTLGIV,1,HPV16
EENLLDFVRF,1,EBV
EENLLDFVRFM,1,EBV
EENLLDVFRM,1,EBV
EGGVGWRHW,1,EBV
ELQTTIHDI,1,HPV16
EPLPQGQLTAY,1,EBV
EPRYTYWQL,1,EBV
EQKRAAQRA,1,EBV
EQQYNKPLC,1,HPV16
ERGDNVQTTG,0,EBV
ERLVPEESYS,0,EBV
ERPGPSEQSS,0,EBV
ERQLPQSTGR,0,EBV
ERYAREAEVR,0,EBV
ESDSNSNEG,1,EBV
ESEERPPTPY,1,EBV
ETFTETWNR,1,EBV
EVLKDAIKD,1,EBV
EVYDFAFRDL,1,HPV16
EYHQEGGPDG,1,EBV
EYLLGRFSVL,1,EBV
EYMLDLQPET,1,HPV16
EYRHYCYSL,1,HPV16
FAFRDLCIV,1,HPV16
FAFRDLCIVY,1,HPV16
FAFRDLCIVYR,1,HPV16
FARQAVWLRE,1,EBV
FCCKCDSTL,1,HPV16
FELSQMVQW,1,HPV16
FFVTTTGQTVE,1,EBV
FGQLTPHTKAV,1,EBV
FIVYIIFVY,0,HPV16
FLDKGTYTL,1,EBV
FLGERVTLT,1,EBV
FLGKYIKVKK,1,EBV
FLLAMTSLR,1,EBV
FLLCFCVLL,1,HPV16
FLQRTDLSY,0,EBV
FLRGRAYGI,1,EBV
FLRGRAYGL,1,EBV
FLSQVKIPKT,1,HPV16
FLYALALL,1,EBV
FLYALALLL,1,EBV
FMVFLQTHI,1,EBV
FRKAQIQGL,1,EBV
FRKAQIQGLS,0,EBV
FRRDLLCPLGA,1,EBV
FTASVSTVV,1,EBV
FTPDPYQVPF,0,EBV
FTYPVLEEM,0,EBV
FVYGGSKTSL,1,EBV
FVYGGSKTSLY,1,EBV
FWLYIVMSD,1,EBV
FYISLIQGL,0,EBV
FYMTHGLGTL,0,EBV
FYNIPPMPL,0,EBV
FYPLATYPL,0,EBV
FYRSLLTIL,0,EBV
GAGPHLPTL,0,EBV
GCDPHLPTL,0,EBV
GDDPHLPTL,0,EBV
GDTPTLHEY,1,HPV16
GEQGYKVSLDL,1,EBV
GGDPHLPPL,0,EBV
GGDPHLPTL,0,EBV
GGDPHVPTL,0,EBV
GGDPPLPTL,0,EBV
GGDTPLPTL,0,EBV
GIDPHLPTL,0,EBV
GIRTYFVQF,0,HPV16
GIVCPICSQK,1,HPV16
GLCTLVAML,1,EBV
GLGTLGAAI,1,EBV
GLGTLGAAL,1,EBV
GPGPQPGPL,0,EBV
GPKVKRPPI,1,EBV
GPREQERYAR,0,EBV
GQGGSPTAM,1,EBV
GREITQMQQE,0,EBV
GRKPQCFWEM,0,EBV
GRRQKRAAPPT,0,EBV
GRWTGRCM,1,HPV16
GRWTGRCMSC,1,HPV16
GSDPHLPTL,0,EBV
GTDPHLPTL,0,EBV
GTLGIVCPI,1,HPV16
GTTLEQQYNK,1,HPV16
GYDVGHGPL,0,EBV
GYFTSPGGYYA,1,EBV
GYQEPPAHGL,0,EBV
GYRTATLRTL,0,EBV
HAMHISTGL,0,EBV
HDIILECV,1,HPV16
HDIILECVY,1,HPV16
HEYMLDLQPET,1,HPV16
HGDTPTLHEY,1,HPV16
HHIWQNLL,1,EBV
HISTGLSIF,0,EBV
HLAAQGMAY,1,EBV
HNIRGRWTGR,1,HPV16
HPAATHTKAV,1,HPV16
HPVAEADYFEY,1,EBV
HPVGDADYFEY,1,EBV
HPVGEADY,1,EBV
HPVGEADYF,1,EBV
HPVGEADYFEY,1,EBV
HPVGQADYFEY,1,EBV
HRCQAIRK,1,EBV
HRCQAIRKK,1,EBV
HRDSVDSAPI,1,HPV16
HRKHQDGFQR,0,EBV
HTHARFLIT,0,HPV16
HVDIRTLED,1,HPV16
HVSTAPTGSW,1,EBV
HYKEIPRLF,1,EBV
HYNIVTFCC,0,HPV16
HYNIVTFCCK,1,HPV16
HYQTLCTNF,0,EBV
IALYLQQNW,1,EBV
ICWGNQLFV,1,HPV16
IEDPPFNSI,0,EBV
IEDPPFNSL,1,EBV
IFVYIPLFL,1,HPV16
IHSMNSTIL,1,HPV16
IIIILIIFI,1,EBV
IILECVYCK,1,HPV16
IILVLLLWI,1,HPV16
ILIYNGWYA,1,EBV
ILLARLFLY,1,EBV
ILTAFNSSHK,1,HPV16
ILTDFSVIK,1,EBV
ILYFIAFAL,0,EBV
INPISKTELQA,1,EBV
IPQCRLTPL,1,EBV
IPRSTVKVTV,1,EBV
IQAPSNRVM,0,EBV
IRDAACRAVK,0,EBV
IRPIPTRFPP,0,EBV
IRRGPLVAEG,0,EBV
IRTLEDLLMG,0,HPV16
IRTLEDLLMGT,1,HPV16
ISEYRHYCY,1,HPV16
IVCPICSQK,1,HPV16
IVKQRRWKL,1,EBV
IVTDFSVIK,1,EBV
IVTDFSVIN,1,EBV
IVTDFSVIR,1,EBV
IVTDFSVIT,1,EBV
IVTDLSIIK,0,EBV
IVTDLSVIK,0,EBV
IVTFCCKCD,0,HPV16
IVTFCCKCDS,0,HPV16
IVYIIFVYI,0,HPV16
IVYRDGNPY,0,HPV16
IYGDTDSLF,1,EBV
IYLLEMLWRL,0,EBV
IYVLVMLVL,1,EBV
IYVLVMLVLL,1,EBV
KCLKFYSK,1,HPV16
KCLKFYSKI,1,HPV16
KCRAKFKQL,1,EBV
KDTWLDARM,1,EBV
KEHVIQNAF,1,EBV
KEHVIQNAFRK,1,EBV
KFKQLLQHY,1,EBV
KFYSKISEY,1,HPV16
KGDANTLKCL,1,HPV16
KISEYRHYC,1,HPV16
KIVTNILIY,1,EBV
KLGPGEEQV,1,EBV
KLLRYASAK,1,EBV
KLLTPVTVL,0,EBV
KLPDLCTEL,1,HPV16
KLPHLCTEL,1,HPV16
KLPQLCTEL,1,HPV16
KLVCSEPLVK,1,EBV
KQPLCLLAAY,1,EBV
KRAAPPTVSPS,0,EBV
KRPPIFIRR,1,EBV
KRPPIFIRRL,1,EBV
KRPRVEESSH,0,EBV
KRTNVKTSDR,0,EBV
KSAIVTLTY,1,HPV16
KSNSPFDFFV,1,EBV
LASAMRML,1,EBV
LAVSKNKAL,1,HPV16
LCVQSTHVD,0,HPV16
LCVQSTHVDI,1,HPV16
LDFVRFMGV,1,EBV
LEDLLMGTL,1,HPV16
LEDLLMGTLGI,1,HPV16
LEKARGSTY,1,EBV
LFTFLAMAEKL,1,EBV
LIIPNVTLAH,1,EBV
LIPETVPYI,0,EBV
LIVAAIVFI,1,EBV
LIVDAVLQL,1,EBV
LLARSHVER,1,EBV
LLDFVRFMG,1,EBV
LLDFVRFMGV,1,EBV
LLDFVRFMGY,1,EBV
LLDFVRMGV,1,EBV
LLIEGIFFI,1,EBV
LLIRCINCQK,1,HPV16
LLLIALWNL,1,EBV
LLMGTLGIV,1,HPV16
LLMGTLGIVC,0,HPV16
LLQHYREVAA,1,EBV
LLQQYCLYL,1,HPV16
LLRREVYDF,0,HPV16
LLSAWILTA,1,EBV
LLSVSTYTS,1,HPV16
LLVDLLWLL,1,EBV
LLVIVAPYL,0,EBV
LLWAARPRL,1,EBV
LLWTLVLL,0,EBV
LLWTLVVL,1,EBV
LLWTLVVLL,1,EBV
LLYDSPATL,1,EBV
LMGTLGIVCPI,1,HPV16
LMIIPLINV,1,EBV
LPCVLWPVL,1,EBV
LPLDLSVILF,1,EBV
LPPHDITPY,1,EBV
LPQGQLTAY,0,EBV
LPRAWLQRL,1,EBV
LPRDTGPEL,1,EBV
LPVIVAPYL,1,EBV
LQDVSLEVY,1,HPV16
LQHYREVAA,1,EBV
LQPETTDLY,1,HPV16
LQSSLHLTA,1,HPV16
LQTHIFAEV,1,EBV
LQTTIHDII,1,HPV16
LRGKWQRRYR,1,EBV
LRLCVQSTH,0,HPV16
LRLCVQSTHV,0,HPV16
LRTLTPVPNR,0,EBV
LSIFDTSLF,0,EBV
LSRLPFGMA,1,EBV
LSVSTYTSL,1,HPV16
LTAGFLIFL,1,EBV
LTAPTGCIKK,1,HPV16
LTEWGSGNRTY,0,EBV
LVLLLWITA,0,HPV16
LYALALLLL,1,EBV
LYGVSFSEL,1,HPV16
LYLQQNWWTL,1,EBV
LYNLRRGIAL,0,EBV
LYNLRRGTA,0,EBV
LYNLRRGTAL,0,EBV
LYTGLAQAL,0,EBV
MGSLEMLPM,0,EBV
MGSLEMMPM,0,EBV
MGSLEMVPM,1,EBV
MGSLEVMPM,1,EBV
MHGDTPTL,1,HPV16
MLDLQPET,1,HPV16
MLDLQPETT,1,HPV16
MLLLIVAGI,0,EBV
MRAGREITQM,0,EBV
MRERQLPQST,0,EBV
MTNLDTAST,0,HPV16
NAAEPEQPW,0,EBV
NCNSNTTPI,0,HPV16
NDYHHFKTI,1,EBV
NGALAINTF,1,EBV
NIAEGLRAL,0,EBV
NIVTFCCKC,0,HPV16
NIVTFCCKCD,0,HPV16
NKPLCDLLI,1,HPV16
NLDTASTTL,1,HPV16
NNLPNDVFREA,1,EBV
NPCHTTKLL,1,HPV16
NPRLPVCNL,1,EBV
NPYAVCDKCL,1,HPV16
NRGWMQRIRR,0,EBV
NRVGADSIML,0,EBV
NSIIMLGQDDF,1,EBV
NTTPIVHLK,1,HPV16
NYNPGTLSSL,0,EBV
PARSLREWEL,0,EBV
PDRAHYNIV,1,HPV16
PGPGPQPGPL,0,EBV
PKFENIAEGLR,1,EBV
PLFDRKSDAK,1,EBV
PLFLIHTHA,0,HPV16
PLSRLPFGM,1,EBV
PNASGMFESRW,1,EBV
PPCPYAESSWA,1,EBV
PRAPHLPPQW,0,EBV
PRAPIRPIPT,0,EBV
PRGDATSETS,0,EBV
PRILAPLSAG,0,EBV
PRIMAPPVVR,0,EBV
PRKLPWPTPK,0,EBV
PRLQLSLVPL,0,EBV
PRPSWAPSVC,0,EBV
PRSQHPCYR,0,EBV
PRVEESSHGP,0,EBV
PRYEDPDAPL,0,EBV
PSDSAGNDG,1,EBV
PVFDRKSDAK,1,EBV
PYAVCDKCL,1,HPV16
PYLFWLAA,1,EBV
PYLFWLAAI,1,EBV
PYLFWLAAIA,1,EBV
QAEPDRAHY,1,HPV16
QAKWRLQTL,1,EBV
QERPRKLPQL,1,HPV16
QHLANHPAA,0,HPV16
QIFNKPYWL,1,HPV16
QLLQHYREV,1,EBV
QLLRREVYDF,1,HPV16
QLSPLLGAV,1,EBV
QLTPHTKAV,0,EBV
QNGALAINT,1,EBV
QNGALAINTF,1,EBV
QPAPENAYQAY,1,EBV
QPETTDLYCY,0,HPV16
QPRAPIRPI,1,EBV
QPRAPIRPIPT,1,EBV
QPRAPIRPIT,1,EBV
QPRLTPPQPL,1,EBV
QQNWWTLLV,1,EBV
QQYNKPLCDL,1,HPV16
QRFHNIRGRW,1,HPV16
QRIRRRRRRR,0,EBV
QRLQDIRRGPL,0,EBV
QRPVMFVSRV,0,EBV
QRRYRRIYDL,0,EBV
QRRYRRIYPL,0,EBV
QRSGRRQKRA,0,EBV
QRSYVSGVL,1,EBV
QSRGDENRGW,1,EBV
QSTHVDIRT,0,HPV16
QSTHVDIRTL,0,HPV16
QTAAAVVF,1,EBV
QTHIFAEVL,0,EBV
QVATEGLAK,1,EBV
QVDYYGLYY,1,HPV16
QVILCPTSV,1,HPV16
QYNKPLCDL,1,HPV16
QYNKPLCDLL,1,HPV16
RAHNIVYTIF,1,HPV16
RAHYNIVTE,1,HPV16
RAHYNIVTF,1,HPV16
RAHYNIVTFC,0,HPV16
RAHYSIVTF,0,HPV16
RAKFKHLLQ,1,EBV
RAKFKQLL,1,EBV
RAKFKQLLQ,1,EBV
RALIDEFMSV,1,EBV
RCINCQKPL,0,HPV16
RFIAQLLLL,1,EBV
RHLDKKQRF,1,HPV16
RKIYDLIEL,1,EBV
RLCVQSTHV,0,HPV16
RLCVQSTHVD,0,HPV16
RLECAIYYK,1,HPV16
RLGATIWQL,1,EBV
RLRAEAQVK,1,EBV
RPFKSNKST,1,HPV16
RPGRPLAGFYA,1,EBV
RPLLLSVST,0,HPV16
RPPIFIRLL,1,EBV
RPPIFIRRL,1,EBV
RPPIFIRRLH,1,EBV
RPQGGSRPEFV,0,EBV
RPQKRPSCI,1,EBV
RPQKRPSCIGC,1,EBV
RPRFEHPHL,1,EBV
RPRKLPQLC,1,HPV16
RPRKLPQLCT,1,HPV16
RPRNRYSQL,1,EBV
RPRPPARSL,1,EBV
RPTELQPTP,1,EBV
RRAALSGHLL,0,EBV
RRARSLSAERY,1,EBV
RRGACVVYDD,0,EBV
RRGIKEHVIQ,0,EBV
RRIFDLIEL,1,EBV
RRIYDLIEL,1,EBV
RRLTVCGGIMF,1,EBV
RRLVVTLQC,1,EBV
RRPNHMNVL,1,EBV
RRQKRAAPPT,0,EBV
RRRKGWIPL,1,EBV
RRRWRRLTV,1,EBV
RRWRRLTVC,1,EBV
RRYPYPAR,1,HPV16
RRYRRIYDLI,0,EBV
RSSRTRRETQ,0,HPV16
RTAMFQDPQ,1,HPV16
RTAMFQDPQER,1,HPV16
RTLEDLLMGT,1,HPV16
RTLEDLLMGTL,1,HPV16
RVRAYTYSK,1,EBV
RWTGRCMSCC,1,HPV16
RYAREAEVRF,0,EBV
RYCCYYCLTL,1,EBV
RYEDPDAPL,0,EBV
RYKNRVASR,1,EBV
RYRFKKHCTL,0,HPV16
RYSESGQFHAF,1,EBV
RYSIFFDY,1,EBV
RYSIFFDYM,1,EBV
SAFRCFIVY,1,HPV16
SCSSCPLSK,1,EBV
SEIAYKYAQL,1,HPV16
SELEIKRY,1,EBV
SENDRLRLL,1,EBV
SEPDTGNPCH,1,HPV16
SESGQFHAF,1,EBV
SEYRHYCYSL,1,HPV16
SFDDGVDL,1,EBV
SFFDRKSDAK,1,EBV
SFLTALKRFL,1,HPV16
SIVCYFMVFL,0,EBV
SLFDRKSDAK,1,EBV
SLGGLLTMA,1,EBV
SLGGLLTMV,1,EBV
SLIILVLLL,1,HPV16
SLREWLLRI,1,EBV
SLTRDDAEYL,1,EBV
SLVIVTTFV,1,EBV
SMFIGTPNV,1,EBV
SPEIIRQHL,1,HPV16
SPRHYSTDL,1,EBV
SQAPLPCVL,1,EBV
SQFPDFSVL,1,EBV
SRDQQPWGQS,0,EBV
SRGDENRGWM,0,EBV
SRQSPDNERG,0,EBV
SRRRRGACVV,0,EBV
SRVHGNGTL,1,EBV
SRVPAKKPRK,0,EBV
SRWPYLHNR,1,HPV16
SSCSSCPL,1,EBV
SSCSSCPLS,1,EBV
SSCSSCPLSK,1,EBV
SSCSSCPLSKI,1,EBV
SSCSSCPLSKV,1,EBV
SSPEIIRQHL,0,HPV16
SSRTRRETQL,1,HPV16
STAPTGSWF,1,EBV
STHVDIRTL,1,HPV16
STHVDIRTLE,1,HPV16
STLRLCVQS,0,HPV16
STLRLCVQST,0,HPV16
STYTSLIIL,1,HPV16
SVFYRKPDTK,0,EBV
SVRDRLAR,0,EBV
SVRDRLARL,1,EBV
SVSTYTSLI,0,HPV16
SYAAAQRKL,1,EBV
SYAAAQRKLL,1,EBV
SYKTLREFF,1,EBV
SYVKQPLCL,0,EBV
SYVKQPLCLL,0,EBV
TFCCKCDSTL,0,HPV16
THIFAEVLKD,1,EBV
THVDIRTLE,1,HPV16
THVDIRTLED,0,HPV16
TIHDIILEC,1,HPV16
TIHDIILECV,1,HPV16
TLDTKPLSV,1,EBV
TLDYKPLSV,1,EBV
TLEDLLMGT,1,HPV16
TLFIGSHVV,1,EBV
TLGIVCPI,1,HPV16
TLGIVCPIC,1,HPV16
TLHEYMLDL,1,HPV16
TLIDVCPI,1,HPV16
TLKCLRYRFK,1,HPV16
TLLACFLLC,0,HPV16
TLLQQYCLYL,1,HPV16
TLLVDLLWL,1,EBV
TLQDVSLEV,1,HPV16
TLQDVSLEVYL,1,HPV16
TLRLCVQST,0,HPV16
TLRLCVQSTH,0,HPV16
TLTSYWRR,1,EBV
TLTSYWRRV,1,EBV
TLVDVRAIK,1,EBV
TLYTAVSST,1,HPV16
TPDPYQVPFV,1,EBV
TPRPVSRFL,1,EBV
TPSVSSSISSL,1,EBV
TPTLHEYML,1,HPV16
TRFPPPPMPL,0,EBV
TSFESHDIDHY,1,EBV
TSLIILVLL,1,HPV16
TSSPSMPEL,1,EBV
TTIHDIILECV,1,HPV16
TTLEQQYNK,1,HPV16
TTLLACFLL,0,HPV16
TVARHLLGAK,1,EBV
TVCGGIMFL,1,EBV
TVFYNIPPMPL,1,EBV
TVMSNTLLSAW,1,EBV
TVQTAAAVVF,1,EBV
TYGPVFMCL,1,EBV
TYGPVFMSL,1,EBV
TYPLREVATL,0,EBV
TYPVLEEMF,1,EBV
TYSAGIVQI,1,EBV
TYTSGEACL,1,EBV
TYWQLNQNL,1,EBV
TYWQLNQNLL,0,EBV
VCDKCLKFY,1,HPV16
VCLLIRPLL,1,HPV16
VCPICSQKP,1,HPV16
VDIRTLEDL,1,HPV16
VEDLFGANL,1,EBV
VEITPYKPTW,1,EBV
VFGQQAYFY,1,EBV
VFSDGRVAC,1,EBV
VLFGLLCLL,1,EBV
VLKDAIKDL,1,EBV
VLLCVCLLI,1,HPV16
VLLLWITAA,1,HPV16
VLQWASLAV,1,EBV
VLRYHVLLEE,1,EBV
VMATLLPPV,1,EBV
VMSDWTGGALL,1,EBV
VMSNTLLSAW,1,EBV
VPAPAGPIV,1,EBV
VPGSETMCY,1,EBV
VPRPRFSAL,1,EBV
VQPPQLTQV,1,EBV
VQRTFGVPRRQ,1,EBV
VQSTHVDIR,0,HPV16
VQSTHVDIRT,0,HPV16
VQTAAAVVF,1,EBV
VRFLRGKWQR,0,EBV
VRFMGVMSSC,0,EBV
VRMFMRERQL,0,EBV
VSFIEFVGW,1,EBV
VSTAPTGSWF,1,EBV
VTFCCKCDS,0,HPV16
VTLAHAGYY,1,EBV
VVEGQVDYY,1,HPV16
VYAASFSPNL,0,EBV
VYCKQQLL,1,HPV16
VYDFAFQDL,1,HPV16
VYDFAFRDL,1,HPV16
VYDFAFRDLC,1,HPV16
VYDSMLQSDL,0,EBV
VYGGSKTSL,1,EBV
VYLTAPTGCI,0,HPV16
VYRDGNPYA,1,HPV16
WAKWRLQTL,1,EBV
WITAASAFR,0,HPV16
WNLHGQALFL,1,EBV
WPRTTPTFL,1,EBV
WPTTPPRPI,1,HPV16
WPYLHNRLV,1,HPV16
WQLLAFFLA,1,EBV
WQWEHIPPA,1,EBV
WRHWLLTSPS,0,EBV
WTLVVLLI,1,EBV
WYKTGISNI,1,HPV16
YAVCDKCLKF,1,HPV16
YCIHNITGV,1,HPV16
YCYSLYGTTL,0,HPV16
YDFAFRDL,0,HPV16
YFLEILWRL,0,EBV
YGTTLEQQY,1,HPV16
YHDPETAAAL,1,EBV
YHLIVDTDSL,1,EBV
YICEEASVTV,1,HPV16
YICEEASVTVV,1,HPV16
YIIFVYIPL,1,HPV16
YLHNRLVVF,1,HPV16
YLLEILWRL,1,EBV
YLLEMIWRL,0,EBV
YLLEMLWRL,1,EBV
YLQQNWWTL,1,EBV
YLTAPTGCI,1,HPV16
YMLDLQPET,1,HPV16
YMLDLQPETT,1,HPV16
YMLDLQPETTD,1,HPV16
YNIVTFCCK,0,HPV16
YNIVTFCCKC,1,HPV16
YNLRRGIAL,1,EBV
YNLRRGTAL,1,EBV
YPKHEQHGM,0,EBV
YPLHEQHGM,1,EBV
YPLHEQRGM,1,EBV
YPLHEQYGM,1,EBV
YPRNPTEQGNI,1,EBV
YQCYNAVKM,1,EBV
YQVPFVQAF,1,EBV
YRDGNPYAV,1,HPV16
YRFKKHCTL,1,HPV16
YRHPWAPWSQ,0,EBV
YRHYCYSL,1,HPV16
YRSGIIAVV,1,EBV
YRTATLRTLT,0,EBV
YSKNKVWEV,1,HPV16
YSLYGTTLEQ,1,HPV16
YTDHQTTPT,0,EBV
YVHEGIRTY,1,HPV16
YVLDHLIVV,1,EBV
YYHAGTSRL,1,HPV16
YYVHEGIRTY,1,HPV16
