peptide,label,virus,proteome_id,is_gold_standard_holdout,rf_oof_score,binding_max,tier_a_baseline_complete,predig_max_score,prime_score,in_predig_training,in_prime_training,in_external_training
AAFDRKSDAK,1,EBV,EBV_B95_8_panel8,False,0.94,0.5607708346664381,True,0.18968217,0.013921,False,False,False
AARDRFPGL,1,EBV,EBV_B95_8_panel8,False,0.84,0.7510498080226508,True,0.29748148,0.049338,False,False,False
AARQRLQDI,1,EBV,EBV_B95_8_panel8,False,0.7,0.4269379642164934,True,0.38668746,0.03245,False,False,False
AASAFRCFI,0,HPV16,HPV16_18_panel8,False,0.805,0.0384317317896892,True,0.08338122,0.028482,False,False,False
ADRPRAWRL,0,EBV,EBV_B95_8_panel8,False,0.935,0.7187421589629391,True,0.3769062,0.020568,False,False,False
AEGGVGWRHW,1,EBV,EBV_B95_8_panel8,False,0.805,0.9336545815097554,True,0.3127499,0.004705,False,False,False
AENAGNDAC,1,EBV,EBV_B95_8_panel8,False,0.735,0.1542833937321062,True,0.36740622,0.001671,False,False,False
AEVLKDAI,0,EBV,EBV_B95_8_panel8,False,0.73,0.1083761728628956,True,0.2930714,0.00179,False,False,False
AFLGERVTL,1,EBV,EBV_B95_8_panel8,False,0.74,0.9071405572978388,True,0.36633602,0.043799,True,True,True
AFRDLCIVY,1,HPV16,HPV16_18_panel8,False,0.69,0.1272655396795058,True,0.46965244,0.027326,False,False,False
AGNDGGPPQ,1,EBV,EBV_B95_8_panel8,False,0.46,0.1882933353101923,True,0.46381807,0.00449,False,False,False
AGVDNRECI,1,HPV16,HPV16_18_panel8,False,0.725,0.0400608290806704,True,0.33511093,0.004899,False,False,False
AHYNIVTF,1,HPV16,HPV16_18_panel8,False,0.83,0.0269780515109242,True,0.118119195,0.004982,True,True,True
AHYNIVTFC,0,HPV16,HPV16_18_panel8,False,0.625,0.0053359377298257,True,0.16379312,0.032296,False,False,False
AHYNIVTFCC,1,HPV16,HPV16_18_panel8,False,0.52,0.0044843026079314,True,0.06639967,0.007647,False,False,False
AHYNIVTFCCK,1,HPV16,HPV16_18_panel8,False,0.6,0.0132908486083735,True,0.09115933,0.023111,False,False,False
ALAIPQCRL,0,EBV,EBV_B95_8_panel8,False,0.74,0.3157397390396827,True,0.12017198,0.009576,False,False,False
ALDGNLVSMDV,1,HPV16,HPV16_18_panel8,False,0.78,0.3425723578101029,True,0.11421645,0.027209,False,False,False
ALLTLAAAL,0,EBV,EBV_B95_8_panel8,False,0.755,0.6872775489177879,True,0.15634324,0.074725,False,False,False
ALLVLYSFA,1,EBV,EBV_B95_8_panel8,False,0.745,0.4681657184528268,True,0.17333609,0.077138,False,False,False
ALLVLYSFAL,1,EBV,EBV_B95_8_panel8,False,0.695,0.2830596599925213,True,0.12235743,0.048556,False,False,False
ALQAIELQL,1,HPV16,HPV16_18_panel8,False,0.75,0.7608471601646086,True,0.101453654,0.120796,True,True,True
ALYLQQNWW,1,EBV,EBV_B95_8_panel8,False,0.645,0.0205010334178168,True,0.29759616,0.007007,False,False,False
AMFQDPQER,0,HPV16,HPV16_18_panel8,False,0.84,0.6496938284301196,True,0.27568892,0.011885,True,True,True
APENAYQAY,1,EBV,EBV_B95_8_panel8,False,0.91,0.9423862160115478,True,0.540782,0.112949,True,True,True
APGWLIWTY,1,EBV,EBV_B95_8_panel8,False,0.74,0.9116743812069358,True,0.39259055,0.204164,False,False,False
APIFYPPVL,1,EBV,EBV_B95_8_panel8,False,0.87,0.9613719045008902,True,0.34887505,0.188168,False,False,False
APKTPDACL,1,EBV,EBV_B95_8_panel8,False,0.89,0.9845718557964792,True,0.5414925,0.089875,False,False,False
APQPAPENAY,1,EBV,EBV_B95_8_panel8,False,0.865,0.8750422566604352,True,0.20606385,0.033862,True,True,True
APRAWISSL,1,EBV,EBV_B95_8_panel8,False,0.82,0.9797935560605432,True,0.30552185,0.22393,False,False,False
APRLPDDPI,1,EBV,EBV_B95_8_panel8,False,0.68,0.7609294207676175,True,0.5370918,0.052953,False,False,False
APRQWPMPL,1,EBV,EBV_B95_8_panel8,False,0.795,0.8036074762014908,True,0.32300952,0.094567,False,False,False
APVPPPEPL,1,EBV,EBV_B95_8_panel8,False,0.745,0.744715784815995,True,0.5538599,0.18643,False,False,False
ARCSQATAEA,0,EBV,EBV_B95_8_panel8,False,0.235,0.0508958570848561,True,0.27595803,0.005775,False,False,False
AREAEVRFLR,0,EBV,EBV_B95_8_panel8,False,0.865,0.7603958278284711,True,0.23306838,0.026417,False,False,False
ARNIRDAACR,0,EBV,EBV_B95_8_panel8,False,0.425,0.3750568547574413,True,0.16737472,0.016947,False,False,False
ARPRIMAPPV,0,EBV,EBV_B95_8_panel8,False,0.58,0.072467655162022,True,0.38419715,0.004983,False,False,False
ARQRLQDIRR,0,EBV,EBV_B95_8_panel8,False,0.635,0.627546241667243,True,0.32980156,0.03382,False,False,False
ARRGIKEHVI,0,EBV,EBV_B95_8_panel8,False,0.52,0.5642802066632226,True,0.39851293,0.029536,False,False,False
ARTLNTFSAT,0,EBV,EBV_B95_8_panel8,False,0.2,0.0243292297222884,True,0.18753964,0.030463,False,False,False
ARYAYYLQF,1,EBV,EBV_B95_8_panel8,False,0.85,0.9639735077576316,True,0.3022511,0.299768,False,False,False
ATEEEEEAV,1,EBV,EBV_B95_8_panel8,False,0.82,0.0443687547195552,True,0.5632874,0.017498,False,False,False
ATGMVPAVKK,1,EBV,EBV_B95_8_panel8,False,0.83,0.9427317974832328,True,0.23021118,0.139174,True,True,True
ATIGTAMYK,1,EBV,EBV_B95_8_panel8,False,0.915,0.991706815632306,True,0.24585898,0.280183,False,False,False
ATLNICNFW,0,EBV,EBV_B95_8_panel8,False,0.92,0.0772194766963389,True,0.15803258,0.063727,True,True,True
AVARNTDIL,1,EBV,EBV_B95_8_panel8,False,0.655,0.1148664101423692,True,0.09195168,0.02184,False,False,False
AVCDKCLKFY,1,HPV16,HPV16_18_panel8,False,0.76,0.3640265123964082,True,0.13719761,0.030277,True,True,True
AVFDRKSDAK,1,EBV,EBV_B95_8_panel8,True,,0.7817195779538678,False,0.2168469,0.031967,True,True,True
AVFDRKSVAK,1,EBV,EBV_B95_8_panel8,False,0.895,0.9793695569919096,True,0.23421393,0.120924,False,False,False
AVFNRKSDAK,1,EBV,EBV_B95_8_panel8,False,0.935,0.6461723389924907,True,0.20070139,0.022803,False,False,False
AVLLHEESL,1,EBV,EBV_B95_8_panel8,False,0.585,0.4148476641045075,True,0.25983608,0.070753,False,False,False
AVLLHEESM,1,EBV,EBV_B95_8_panel8,False,0.66,0.1596074512269431,True,0.08909536,0.04712,True,True,True
AVYGTDLAWVL,1,EBV,EBV_B95_8_panel8,False,0.73,0.1023706490194042,True,0.117131844,0.02222,False,False,False
AYAEATSSL,0,EBV,EBV_B95_8_panel8,False,0.525,0.956732517085522,True,0.2973877,0.123819,True,True,True
AYQAYAAPQL,0,EBV,EBV_B95_8_panel8,False,0.77,0.6772877391330632,True,0.26727843,0.016075,True,True,True
AYRRRWRRL,1,EBV,EBV_B95_8_panel8,False,0.68,0.1100079603961647,True,0.4277034,0.035599,True,True,True
AYSSWMYSY,1,EBV,EBV_B95_8_panel8,False,0.85,0.9108468231777777,True,0.5530125,0.197599,False,False,False
CCKCDSTL,1,HPV16,HPV16_18_panel8,False,0.63,0.0055730194786316,True,0.08671366,0.002437,False,False,False
CCKCDSTLRLC,1,HPV16,HPV16_18_panel8,False,0.34,0.0075695139545119,True,0.07832185,0.001944,False,False,False
CDSTLRLCV,1,HPV16,HPV16_18_panel8,False,0.72,0.0167443045590606,True,0.16864412,0.004649,False,False,False
CDSTLRLCVQ,0,HPV16,HPV16_18_panel8,False,0.455,0.0079840286818003,True,0.07474846,0.002124,False,False,False
CFLLCFCVL,0,HPV16,HPV16_18_panel8,False,0.53,0.3740510873368028,True,0.15484191,0.086863,False,False,False
CLGGLITMV,1,EBV,EBV_B95_8_panel8,False,0.9,0.7326865809518953,True,0.116279684,0.172712,False,False,False
CLGGLLTML,1,EBV,EBV_B95_8_panel8,False,0.77,0.4625625752070255,True,0.09350049,0.126642,False,False,False
CLGGLLTMN,1,EBV,EBV_B95_8_panel8,False,0.51,0.0103186998352454,True,0.058815967,0.021699,True,True,True
CLGGLLTMV,1,EBV,EBV_B95_8_panel8,True,,0.7152021824912779,False,0.09680573,0.146297,True,True,True
CLGGLLYMV,1,EBV,EBV_B95_8_panel8,False,0.875,0.7991835304168554,True,0.09095759,0.187163,False,False,False
CLGLLTMV,1,EBV,EBV_B95_8_panel8,False,0.77,0.0208515570785626,True,0.08781901,0.046687,False,False,False
CLLIRPLLL,0,HPV16,HPV16_18_panel8,False,0.795,0.8468878671464883,True,0.13268913,0.187333,False,False,False
CPEEKQRHL,1,HPV16,HPV16_18_panel8,False,0.805,0.5323042045781256,True,0.51860595,0.012588,False,False,False
CPLSKILL,1,EBV,EBV_B95_8_panel8,False,0.855,0.6601250758759699,True,0.27314332,0.047596,False,False,False
CQKPLCPEEK,0,HPV16,HPV16_18_panel8,False,0.69,0.0750360791709866,True,0.37203816,0.008416,False,False,False
CRAKFKHLL,1,EBV,EBV_B95_8_panel8,False,0.75,0.7248671866585416,True,0.3917985,0.04511,False,False,False
CRAKFKQLL,1,EBV,EBV_B95_8_panel8,False,0.625,0.6320898218032827,True,0.40560308,0.021503,False,False,False
CRAVKQSHLQ,0,EBV,EBV_B95_8_panel8,False,0.135,0.0169511859962662,True,0.19295608,0.002177,False,False,False
CSSCPLSK,1,EBV,EBV_B95_8_panel8,False,0.66,0.1119586926020453,True,0.11525339,0.005737,True,True,True
CVCLLIRPL,0,HPV16,HPV16_18_panel8,False,0.73,0.0575695511486047,True,0.09626058,0.010681,False,False,False
CVLLCVCLL,0,HPV16,HPV16_18_panel8,False,0.715,0.1210231881979378,True,0.07321631,0.027619,False,False,False
CVQSTHVDI,0,HPV16,HPV16_18_panel8,False,0.665,0.0189319463462988,True,0.26879317,0.021925,False,False,False
CVQSTHVDIR,0,HPV16,HPV16_18_panel8,False,0.72,0.0209768045920853,True,0.094035245,0.016297,False,False,False
CVYCKQQLL,1,HPV16,HPV16_18_panel8,False,0.69,0.2280924510717294,True,0.102418534,0.015394,True,True,True
CVYCKQQLLR,1,HPV16,HPV16_18_panel8,False,0.815,0.1881864224461275,True,0.21744646,0.017699,True,True,True
CYDHAQTHL,1,EBV,EBV_B95_8_panel8,False,0.74,0.7791854683771924,True,0.547053,0.119681,True,True,True
CYENDNPGL,0,EBV,EBV_B95_8_panel8,False,0.455,0.1245042084403743,True,0.54888713,0.046543,True,True,True
CYFMVFLQT,0,EBV,EBV_B95_8_panel8,False,0.82,0.0277006959266961,True,0.15182465,0.076302,False,False,False
CYSLYGTTL,1,HPV16,HPV16_18_panel8,False,0.305,0.7880134777577722,True,0.23533557,0.179985,True,True,True
CYSVYGTTL,0,HPV16,HPV16_18_panel8,False,0.665,0.8415222209731565,True,0.267142,0.17625,False,False,False
DEVEFLGHY,1,EBV,EBV_B95_8_panel8,False,0.905,0.9584573266140292,True,0.5367095,0.034806,False,False,False
DHEGFACLTVE,1,EBV,EBV_B95_8_panel8,False,0.695,0.0074890632311994,True,0.14551866,0.002043,False,False,False
DIRTLEDL,0,HPV16,HPV16_18_panel8,False,0.785,0.0868011804763136,True,0.09487073,0.008626,False,False,False
DIRTLEDLL,0,HPV16,HPV16_18_panel8,False,0.8,0.1651162667505243,True,0.35260397,0.086665,False,False,False
DKKQRFHNI,0,HPV16,HPV16_18_panel8,False,0.82,0.6723415400250004,True,0.38544753,0.102823,False,False,False
DLLMGTLGIV,1,HPV16,HPV16_18_panel8,False,0.845,0.0441753743572867,True,0.15781964,0.029529,True,True,True
DLLMGTLGIVC,1,HPV16,HPV16_18_panel8,False,0.47,0.0061730048048403,True,0.16628835,0.009815,True,True,True
DLYCYEQL,1,HPV16,HPV16_18_panel8,False,0.54,0.0373600249873652,True,0.09954281,0.00433,False,False,False
DLYCYEQLND,1,HPV16,HPV16_18_panel8,False,0.525,0.004450449718829,True,0.5864416,0.003361,False,False,False
DPYQVPFVQAF,1,EBV,EBV_B95_8_panel8,False,0.765,0.7599994182419734,True,0.123396926,0.022071,False,False,False
DRAHYNIV,1,HPV16,HPV16_18_panel8,False,0.9,0.0244757905114994,True,0.26984343,0.004469,False,False,False
DRSDKAEAQS,0,EBV,EBV_B95_8_panel8,False,0.2,0.0071983121735008,True,0.29596978,0.001401,False,False,False
DSAPILTAF,1,HPV16,HPV16_18_panel8,False,0.76,0.9636380635996642,True,0.12550768,0.137395,False,False,False
DSNSNEGRH,1,EBV,EBV_B95_8_panel8,False,0.465,0.0095265366513861,True,0.5370918,0.003183,False,False,False
DSTLRLCVQ,0,HPV16,HPV16_18_panel8,False,0.58,0.012153256434919,True,0.37074694,0.01509,False,False,False
DSTLRLCVQS,0,HPV16,HPV16_18_panel8,False,0.465,0.0045941230235235,True,0.18993269,0.002038,False,False,False
DTASTTLLA,0,HPV16,HPV16_18_panel8,False,0.855,0.0132394837489248,True,0.22525376,0.046795,False,False,False
DTPLIPLTIF,1,EBV,EBV_B95_8_panel8,False,0.67,0.0289908761421744,True,0.13165265,0.01644,True,True,True
DTPTLHEYM,1,HPV16,HPV16_18_panel8,False,0.74,0.0182535607565803,True,0.30337235,0.032389,False,False,False
DYCNVKNKEF,1,EBV,EBV_B95_8_panel8,False,0.87,0.7878191442164243,True,0.55478376,0.017295,False,False,False
DYCNVLNKEF,1,EBV,EBV_B95_8_panel8,False,0.9,0.7726093458616577,True,0.34539458,0.029417,True,True,True
DYDASTESEL,0,EBV,EBV_B95_8_panel8,False,0.765,0.1111817255929477,True,0.11161671,0.004759,True,True,True
DYMAIHRSL,0,EBV,EBV_B95_8_panel8,False,0.83,0.9598451218331568,True,0.5504501,0.136485,True,True,True
DYNFVKQLF,1,EBV,EBV_B95_8_panel8,False,0.84,0.9535549292616924,True,0.43764058,0.195464,True,True,True
DYSQGAFTPL,0,EBV,EBV_B95_8_panel8,False,0.7,0.1031491126774298,True,0.09004596,0.010347,True,True,True
EDLLMGTLGIV,1,HPV16,HPV16_18_panel8,False,0.405,0.0052106900517581,True,0.10824621,0.003822,True,True,True
EENLLDFVRF,1,EBV,EBV_B95_8_panel8,False,0.8,0.8883676043841952,True,0.3877135,0.016282,True,True,True
EENLLDFVRFM,1,EBV,EBV_B95_8_panel8,False,0.76,0.2614160532737903,True,0.19906907,0.005412,True,True,True
EENLLDVFRM,1,EBV,EBV_B95_8_panel8,False,0.655,0.4341948063582957,True,0.15987599,0.008583,False,False,False
EGGVGWRHW,1,EBV,EBV_B95_8_panel8,False,0.815,0.0183314171574016,True,0.54602116,0.016185,False,False,False
ELQTTIHDI,1,HPV16,HPV16_18_panel8,False,0.79,0.0400555066041421,True,0.2790851,0.093841,False,False,False
EPLPQGQLTAY,1,EBV,EBV_B95_8_panel8,False,0.77,0.8826566580202788,True,0.1496261,0.024634,True,True,True
EPRYTYWQL,1,EBV,EBV_B95_8_panel8,False,0.88,0.6170736002391037,True,0.5842341,0.082534,False,False,False
EQKRAAQRA,1,EBV,EBV_B95_8_panel8,False,0.415,0.0062833764528113,True,0.3242399,0.007903,False,False,False
EQQYNKPLC,1,HPV16,HPV16_18_panel8,False,0.565,0.0077217854813767,True,0.5212166,0.005188,False,False,False
ERGDNVQTTG,0,EBV,EBV_B95_8_panel8,False,0.2,0.0210747061408984,True,0.25316024,0.00536,False,False,False
ERLVPEESYS,0,EBV,EBV_B95_8_panel8,False,0.28,0.0068656329387633,True,0.28960904,0.008077,False,False,False
ERPGPSEQSS,0,EBV,EBV_B95_8_panel8,False,0.29,0.0156608171587619,True,0.5531801,0.00168,False,False,False
ERQLPQSTGR,0,EBV,EBV_B95_8_panel8,False,0.375,0.3924821171254258,True,0.33545575,0.016397,False,False,False
ERYAREAEVR,0,EBV,EBV_B95_8_panel8,False,0.525,0.4410687557405449,True,0.27195975,0.009805,False,False,False
ESDSNSNEG,1,EBV,EBV_B95_8_panel8,False,0.6,0.0105952922242307,True,0.5370918,0.025264,False,False,False
ESEERPPTPY,1,EBV,EBV_B95_8_panel8,False,0.715,0.5003930707530528,True,0.35116747,0.037044,False,False,False
ETFTETWNR,1,EBV,EBV_B95_8_panel8,False,0.9,0.9344704342081922,True,0.33885947,0.089315,True,True,True
EVLKDAIKD,1,EBV,EBV_B95_8_panel8,False,0.645,0.0114374645463422,True,0.38878402,0.002789,False,False,False
EVYDFAFRDL,1,HPV16,HPV16_18_panel8,False,0.84,0.2324315357124739,True,0.09517201,0.019374,True,True,True
EYHQEGGPDG,1,EBV,EBV_B95_8_panel8,False,0.5,0.0057386050895083,True,0.35838917,0.002119,False,False,False
EYLLGRFSVL,1,EBV,EBV_B95_8_panel8,False,0.685,0.478390111541314,True,0.16808203,0.033956,True,True,True
EYMLDLQPET,1,HPV16,HPV16_18_panel8,False,0.625,0.0052765990490782,True,0.09963617,0.005642,True,True,True
EYRHYCYSL,1,HPV16,HPV16_18_panel8,False,0.55,0.5299127096964372,True,0.52965736,0.19231,True,True,True
FAFRDLCIV,1,HPV16,HPV16_18_panel8,False,0.82,0.6462193837552485,True,0.17007102,0.021328,True,True,True
FAFRDLCIVY,1,HPV16,HPV16_18_panel8,False,0.745,0.867064405743363,True,0.26512256,0.095469,True,True,True
FAFRDLCIVYR,1,HPV16,HPV16_18_panel8,False,0.81,0.0964077615008408,True,0.21134216,0.020466,True,True,True
FARQAVWLRE,1,EBV,EBV_B95_8_panel8,False,0.645,0.0051138529619478,True,0.18459012,0.001768,False,False,False
FCCKCDSTL,1,HPV16,HPV16_18_panel8,False,0.72,0.1174139796798791,True,0.24644172,0.007703,False,False,False
FELSQMVQW,1,HPV16,HPV16_18_panel8,False,0.8,0.7245187109488705,True,0.3282695,0.010172,False,False,False
FFVTTTGQTVE,1,EBV,EBV_B95_8_panel8,False,0.65,0.0066616514337716,True,0.1229244,0.005939,False,False,False
FGQLTPHTKAV,1,EBV,EBV_B95_8_panel8,False,0.72,0.0061486752227788,True,0.2591847,0.003823,False,False,False
FIVYIIFVY,0,HPV16,HPV16_18_panel8,False,0.81,0.1426013414373292,True,0.2480513,0.266842,False,False,False
FLDKGTYTL,1,EBV,EBV_B95_8_panel8,False,0.88,0.9922323377170382,True,0.14889765,0.247448,True,True,True
FLGERVTLT,1,EBV,EBV_B95_8_panel8,False,0.78,0.7316116756046801,True,0.36465728,0.036341,False,False,False
FLGKYIKVKK,1,EBV,EBV_B95_8_panel8,False,0.83,0.326166615023355,True,0.39420632,0.026823,True,True,True
FLLAMTSLR,1,EBV,EBV_B95_8_panel8,False,0.75,0.2857565916403157,True,0.20490305,0.025072,True,True,True
FLLCFCVLL,1,HPV16,HPV16_18_panel8,False,0.8,0.8484433433455454,True,0.26916644,0.22443,False,False,False
FLQRTDLSY,0,EBV,EBV_B95_8_panel8,False,0.855,0.6744309632436072,True,0.08931629,0.093469,False,False,False
FLRGRAYGI,1,EBV,EBV_B95_8_panel8,True,,0.647440802890689,False,0.3167119,0.081008,False,False,False
FLRGRAYGL,1,EBV,EBV_B95_8_panel8,True,,0.7491459390115,False,0.28002736,0.125677,True,True,True
FLSQVKIPKT,1,HPV16,HPV16_18_panel8,False,0.805,0.3707889489525215,True,0.21601431,0.008876,False,False,False
FLYALALL,1,EBV,EBV_B95_8_panel8,False,0.805,0.0308760829108349,True,0.18705955,0.009921,False,False,False
FLYALALLL,1,EBV,EBV_B95_8_panel8,False,0.79,0.8542555869366938,True,0.1008533,0.110834,False,False,False
FMVFLQTHI,1,EBV,EBV_B95_8_panel8,False,0.75,0.8963359584000663,True,0.28523448,0.047178,True,True,True
FRKAQIQGL,1,EBV,EBV_B95_8_panel8,False,0.535,0.7017193292951696,True,0.41620663,0.076062,True,True,True
FRKAQIQGLS,0,EBV,EBV_B95_8_panel8,False,0.25,0.008153848981892,True,0.27174753,0.004816,True,True,True
FRRDLLCPLGA,1,EBV,EBV_B95_8_panel8,False,0.625,0.0915673612639514,True,0.12441202,0.009975,True,True,True
FTASVSTVV,1,EBV,EBV_B95_8_panel8,False,0.85,0.7688782331817803,True,0.084099375,0.056871,False,False,False
FTPDPYQVPF,0,EBV,EBV_B95_8_panel8,False,0.71,0.1643810076648114,True,0.105142765,0.018054,True,True,True
FTYPVLEEM,0,EBV,EBV_B95_8_panel8,False,0.855,0.8850958658134301,True,0.27179295,0.080873,True,True,True
FVYGGSKTSL,1,EBV,EBV_B95_8_panel8,False,0.76,0.9665521841444576,True,0.17805342,0.029819,False,False,False
FVYGGSKTSLY,1,EBV,EBV_B95_8_panel8,False,0.885,0.9138907981024254,True,0.18484609,0.043135,False,False,False
FWLYIVMSD,1,EBV,EBV_B95_8_panel8,False,0.63,0.0041535604428683,True,0.20661259,0.033402,False,False,False
FYISLIQGL,0,EBV,EBV_B95_8_panel8,False,0.575,0.9398902903841116,True,0.24381842,0.157613,True,True,True
FYMTHGLGTL,0,EBV,EBV_B95_8_panel8,False,0.62,0.9371905582445398,True,0.09248519,0.086614,True,True,True
FYNIPPMPL,0,EBV,EBV_B95_8_panel8,False,0.54,0.8018626544519819,True,0.122326486,0.088474,False,False,False
FYPLATYPL,0,EBV,EBV_B95_8_panel8,False,0.645,0.9229919568046732,True,0.29769412,0.137982,True,True,True
FYRSLLTIL,0,EBV,EBV_B95_8_panel8,False,0.67,0.5423206934870528,True,0.2212815,0.139634,False,False,False
GAGPHLPTL,0,EBV,EBV_B95_8_panel8,False,0.41,0.5406198817461718,True,0.2714395,0.077682,False,False,False
GCDPHLPTL,0,EBV,EBV_B95_8_panel8,False,0.315,0.1984347947264791,True,0.32809997,0.116182,False,False,False
GDDPHLPTL,0,EBV,EBV_B95_8_panel8,False,0.425,0.2874180726199162,True,0.54489386,0.076579,False,False,False
GDTPTLHEY,1,HPV16,HPV16_18_panel8,False,0.81,0.6422167498548152,True,0.5722929,0.040321,False,False,False
GEQGYKVSLDL,1,EBV,EBV_B95_8_panel8,False,0.78,0.0987731451751979,True,0.09844811,0.00375,True,True,True
GGDPHLPPL,0,EBV,EBV_B95_8_panel8,False,0.435,0.1605745520090011,True,0.27168587,0.023654,False,False,False
GGDPHLPTL,0,EBV,EBV_B95_8_panel8,False,0.15,0.4362461193992063,True,0.27796984,0.083766,False,False,False
GGDPHVPTL,0,EBV,EBV_B95_8_panel8,False,0.185,0.6240136807883987,True,0.276225,0.084544,False,False,False
GGDPPLPTL,0,EBV,EBV_B95_8_panel8,False,0.275,0.4162445788105071,True,0.32809997,0.037677,False,False,False
GGDTPLPTL,0,EBV,EBV_B95_8_panel8,False,0.39,0.3850827772737689,True,0.32809997,0.027363,False,False,False
GIDPHLPTL,0,EBV,EBV_B95_8_panel8,False,0.415,0.9182110602403326,True,0.121668525,0.242659,False,False,False
GIRTYFVQF,0,HPV16,HPV16_18_panel8,False,0.76,0.0791001197780968,True,0.3112298,0.11104,True,True,True
GIVCPICSQK,1,HPV16,HPV16_18_panel8,False,0.855,0.6504380165356763,True,0.09316823,0.03315,True,True,True
GLCTLVAML,1,EBV,EBV_B95_8_panel8,True,,0.8237415481666668,False,0.09051493,0.116154,True,True,True
GLGTLGAAI,1,EBV,EBV_B95_8_panel8,False,0.765,0.3448539195551033,True,0.14266747,0.01523,False,False,False
GLGTLGAAL,1,EBV,EBV_B95_8_panel8,False,0.54,0.3646456112832769,True,0.12169967,0.035573,False,False,False
GPGPQPGPL,0,EBV,EBV_B95_8_panel8,False,0.715,0.6844698295670941,True,0.5411623,0.076879,False,False,False
GPKVKRPPI,1,EBV,EBV_B95_8_panel8,False,0.79,0.9041820046147074,True,0.42906386,0.019354,False,False,False
GPREQERYAR,0,EBV,EBV_B95_8_panel8,False,0.635,0.0354615482415437,True,0.42528477,0.009607,False,False,False
GQGGSPTAM,1,EBV,EBV_B95_8_panel8,False,0.69,0.1508872312870764,True,0.10195357,0.01988,True,True,True
GREITQMQQE,0,EBV,EBV_B95_8_panel8,False,0.24,0.0220743746140977,True,0.5408517,0.002751,False,False,False
GRKPQCFWEM,0,EBV,EBV_B95_8_panel8,False,0.34,0.5789099846173846,True,0.1968685,0.060244,False,False,False
GRRQKRAAPPT,0,EBV,EBV_B95_8_panel8,False,0.08,0.0118536123148337,True,0.35486385,0.001814,False,False,False
GRWTGRCM,1,HPV16,HPV16_18_panel8,False,0.8,0.4634945130529948,True,0.33233494,0.007788,False,False,False
GRWTGRCMSC,1,HPV16,HPV16_18_panel8,False,0.73,0.2837005392830037,True,0.26474598,0.016735,False,False,False
GSDPHLPTL,0,EBV,EBV_B95_8_panel8,False,0.255,0.7770586714291837,True,0.29423776,0.091504,False,False,False
GTDPHLPTL,0,EBV,EBV_B95_8_panel8,False,0.505,0.8864390957269215,True,0.13072881,0.165906,False,False,False
GTLGIVCPI,1,HPV16,HPV16_18_panel8,False,0.74,0.4774269747170325,True,0.09184963,0.034893,True,True,True
GTTLEQQYNK,1,HPV16,HPV16_18_panel8,False,0.745,0.6331641913447278,True,0.3564134,0.029958,True,True,True
GYDVGHGPL,0,EBV,EBV_B95_8_panel8,False,0.7,0.2850237666090403,True,0.3283239,0.01259,False,False,False
GYFTSPGGYYA,1,EBV,EBV_B95_8_panel8,False,0.785,0.0853796224109813,True,0.2699878,0.02475,True,True,True
GYQEPPAHGL,0,EBV,EBV_B95_8_panel8,False,0.5,0.4902275298457003,True,0.28136745,0.024467,True,True,True
GYRTATLRTL,0,EBV,EBV_B95_8_panel8,False,0.73,0.1042207159412218,True,0.3767296,0.025033,False,False,False
HAMHISTGL,0,EBV,EBV_B95_8_panel8,False,0.87,0.8821608083062074,True,0.109691195,0.124793,False,False,False
HDIILECV,1,HPV16,HPV16_18_panel8,False,0.91,0.0852459123691508,True,0.14597264,0.001302,True,True,True
HDIILECVY,1,HPV16,HPV16_18_panel8,False,0.85,0.6939853976360186,True,0.3722591,0.034577,False,False,False
HEYMLDLQPET,1,HPV16,HPV16_18_panel8,False,0.425,0.0080362809596809,True,0.0978839,0.001725,True,True,True
HGDTPTLHEY,1,HPV16,HPV16_18_panel8,False,0.885,0.922671389667012,True,0.3632077,0.136558,False,False,False
HHIWQNLL,1,EBV,EBV_B95_8_panel8,False,0.865,0.0279569224752204,True,0.10998203,0.004679,False,False,False
HISTGLSIF,0,EBV,EBV_B95_8_panel8,False,0.78,0.3365262880962033,True,0.061010785,0.044039,True,True,True
HLAAQGMAY,1,EBV,EBV_B95_8_panel8,False,0.93,0.8772699891280059,True,0.114286035,0.053791,False,False,False
HNIRGRWTGR,1,HPV16,HPV16_18_panel8,False,0.81,0.2206941874450063,True,0.31558353,0.008108,False,False,False
HPAATHTKAV,1,HPV16,HPV16_18_panel8,False,0.74,0.660260238109287,True,0.30976948,0.042523,False,False,False
HPVAEADYFEY,1,EBV,EBV_B95_8_panel8,False,0.975,0.952158857518362,True,0.32586086,0.057426,False,False,False
HPVGDADYFEY,1,EBV,EBV_B95_8_panel8,False,0.92,0.9689684919695888,True,0.33406273,0.062101,False,False,False
HPVGEADY,1,EBV,EBV_B95_8_panel8,False,0.775,0.4240440025336955,True,0.34071136,0.004317,True,True,True
HPVGEADYF,1,EBV,EBV_B95_8_panel8,False,0.85,0.9722661720267826,True,0.57759106,0.191521,True,True,True
HPVGEADYFEY,1,EBV,EBV_B95_8_panel8,True,,0.9648292221272547,False,0.38229334,0.064657,True,True,True
HPVGQADYFEY,1,EBV,EBV_B95_8_panel8,False,0.855,0.9292768361681574,True,0.33793807,0.046122,False,False,False
HRCQAIRK,1,EBV,EBV_B95_8_panel8,False,0.465,0.065398567442526,True,0.32861152,0.00141,True,True,True
HRCQAIRKK,1,EBV,EBV_B95_8_panel8,False,0.67,0.5525763534558716,True,0.40717587,0.01917,True,True,True
HRDSVDSAPI,1,HPV16,HPV16_18_panel8,False,0.38,0.0847610039392226,True,0.3180567,0.01129,False,False,False
HRKHQDGFQR,0,EBV,EBV_B95_8_panel8,False,0.42,0.4664235468447126,True,0.38981253,0.034797,False,False,False
HTHARFLIT,0,HPV16,HPV16_18_panel8,False,0.73,0.0253077621923097,True,0.23479962,0.065409,False,False,False
HVDIRTLED,1,HPV16,HPV16_18_panel8,False,0.74,0.0274788559054773,True,0.31607422,0.049369,False,False,False
HVSTAPTGSW,1,EBV,EBV_B95_8_panel8,False,0.825,0.1259370019363429,True,0.09494907,0.009174,False,False,False
HYKEIPRLF,1,EBV,EBV_B95_8_panel8,False,0.745,0.9275991395313716,True,0.3888939,0.214657,False,False,False
HYNIVTFCC,0,HPV16,HPV16_18_panel8,False,0.745,0.1495123022525424,True,0.10216088,0.114985,False,False,False
HYNIVTFCCK,1,HPV16,HPV16_18_panel8,False,0.71,0.0736003292095693,True,0.076352485,0.031753,False,False,False
HYQTLCTNF,0,EBV,EBV_B95_8_panel8,False,0.55,0.9636138366299886,True,0.3328226,0.199631,True,True,True
IALYLQQNW,1,EBV,EBV_B95_8_panel8,False,0.835,0.0437855985265306,True,0.26143703,0.025117,False,False,False
ICWGNQLFV,1,HPV16,HPV16_18_panel8,False,0.83,0.1120444239970244,True,0.20506999,0.027918,False,False,False
IEDPPFNSI,0,EBV,EBV_B95_8_panel8,False,0.81,0.7038690425040732,True,0.3523351,0.035906,False,False,False
IEDPPFNSL,1,EBV,EBV_B95_8_panel8,False,0.535,0.8109784986790216,True,0.31766784,0.035024,True,True,True
IFVYIPLFL,1,HPV16,HPV16_18_panel8,False,0.74,0.800673790460128,True,0.24294554,0.215082,False,False,False
IHSMNSTIL,1,HPV16,HPV16_18_panel8,False,0.745,0.1574270770536525,True,0.13540442,0.040259,False,False,False
IIIILIIFI,1,EBV,EBV_B95_8_panel8,False,0.79,0.294657845590615,True,0.13764662,0.171377,False,False,False
IILECVYCK,1,HPV16,HPV16_18_panel8,False,0.895,0.7090163963237848,True,0.12023704,0.099487,True,True,True
IILVLLLWI,1,HPV16,HPV16_18_panel8,False,0.745,0.1751023016218804,True,0.06262432,0.058794,False,False,False
ILIYNGWYA,1,EBV,EBV_B95_8_panel8,False,0.81,0.75385470307828,True,0.2532512,0.044161,False,False,False
ILLARLFLY,1,EBV,EBV_B95_8_panel8,False,0.86,0.592755906491558,True,0.18748519,0.129017,False,False,False
ILTAFNSSHK,1,HPV16,HPV16_18_panel8,False,0.825,0.5818425374217819,True,0.21403074,0.038821,True,True,True
ILTDFSVIK,1,EBV,EBV_B95_8_panel8,False,0.63,0.7319852548990449,True,0.08341579,0.120194,False,False,False
ILYFIAFAL,0,EBV,EBV_B95_8_panel8,False,0.77,0.7880947016942583,True,0.2112402,0.116085,False,False,False
INPISKTELQA,1,EBV,EBV_B95_8_panel8,False,0.735,0.0070767431729172,True,0.19372009,0.001373,False,False,False
IPQCRLTPL,1,EBV,EBV_B95_8_panel8,False,0.825,0.751062288370272,True,0.18133359,0.094237,True,True,True
IPRSTVKVTV,1,EBV,EBV_B95_8_panel8,False,0.835,0.9537443525019912,True,0.33009726,0.103598,False,False,False
IQAPSNRVM,0,EBV,EBV_B95_8_panel8,False,0.89,0.2392223056797449,True,0.22794853,0.010109,True,True,True
IRDAACRAVK,0,EBV,EBV_B95_8_panel8,False,0.55,0.209768089609737,True,0.2703203,0.01072,False,False,False
IRPIPTRFPP,0,EBV,EBV_B95_8_panel8,False,0.595,0.0215908074607106,True,0.33920276,0.00329,False,False,False
IRRGPLVAEG,0,EBV,EBV_B95_8_panel8,False,0.465,0.0437995293008374,True,0.22444749,0.01132,False,False,False
IRTLEDLLMG,0,HPV16,HPV16_18_panel8,False,0.645,0.0128555464176616,True,0.09218662,0.011269,False,False,False
IRTLEDLLMGT,1,HPV16,HPV16_18_panel8,False,0.115,0.0095893910019266,True,0.07405999,0.010827,True,True,True
ISEYRHYCY,1,HPV16,HPV16_18_panel8,False,0.825,0.9399495936601932,True,0.5588336,0.232194,True,True,True
IVCPICSQK,1,HPV16,HPV16_18_panel8,False,0.805,0.8150974256722981,True,0.14453799,0.115712,True,True,True
IVKQRRWKL,1,EBV,EBV_B95_8_panel8,False,0.545,0.6825092311495774,True,0.21086948,0.078638,False,False,False
IVTDFSVIK,1,EBV,EBV_B95_8_panel8,True,,0.892356069144784,False,0.26914012,0.188252,True,True,True
IVTDFSVIN,1,EBV,EBV_B95_8_panel8,False,0.835,0.007236332735499,True,0.3473514,0.026687,False,False,False
IVTDFSVIR,1,EBV,EBV_B95_8_panel8,False,0.625,0.5530568523236096,True,0.30017683,0.114836,False,False,False
IVTDFSVIT,1,EBV,EBV_B95_8_panel8,False,0.74,0.0113893789759238,True,0.27471352,0.035023,False,False,False
IVTDLSIIK,0,EBV,EBV_B95_8_panel8,False,0.665,0.90163454449047,True,0.32943192,0.146818,False,False,False
IVTDLSVIK,0,EBV,EBV_B95_8_panel8,False,0.705,0.8714998840300551,True,0.2946343,0.126866,False,False,False
IVTFCCKCD,0,HPV16,HPV16_18_panel8,False,0.395,0.0048485951704544,True,0.14345956,0.002111,False,False,False
IVTFCCKCDS,0,HPV16,HPV16_18_panel8,False,0.42,0.0044836989375191,True,0.11742805,0.001071,False,False,False
IVYIIFVYI,0,HPV16,HPV16_18_panel8,False,0.7,0.3297253295702283,True,0.11733482,0.142247,False,False,False
IVYRDGNPY,0,HPV16,HPV16_18_panel8,False,0.9,0.7918297980024618,True,0.30755997,0.022376,True,True,True
IYGDTDSLF,1,EBV,EBV_B95_8_panel8,False,0.645,0.8426688843240345,True,0.3718128,0.20159,False,False,False
IYLLEMLWRL,0,EBV,EBV_B95_8_panel8,False,0.7,0.4498166140496106,True,0.07723094,0.077195,True,True,True
IYVLVMLVL,1,EBV,EBV_B95_8_panel8,False,0.66,0.6632061572618715,True,0.18661441,0.24189,True,True,True
IYVLVMLVLL,1,EBV,EBV_B95_8_panel8,False,0.47,0.2698613650660709,True,0.071644895,0.112476,True,True,True
KCLKFYSK,1,HPV16,HPV16_18_panel8,False,0.74,0.008608643425838,True,0.24207568,0.004152,False,False,False
KCLKFYSKI,1,HPV16,HPV16_18_panel8,False,0.73,0.0308149962069596,True,0.30306837,0.060577,False,False,False
KCRAKFKQL,1,EBV,EBV_B95_8_panel8,False,0.585,0.2128875426599314,True,0.38206908,0.062413,False,False,False
KDTWLDARM,1,EBV,EBV_B95_8_panel8,False,0.69,0.0122665242800733,True,0.5637051,0.015911,False,False,False
KEHVIQNAF,1,EBV,EBV_B95_8_panel8,False,0.86,0.9704744455595472,True,0.25472015,0.022187,True,True,True
KEHVIQNAFRK,1,EBV,EBV_B95_8_panel8,False,0.79,0.0973311806267143,True,0.24158308,0.00745,True,True,True
KFKQLLQHY,1,EBV,EBV_B95_8_panel8,False,0.74,0.2303311621971917,True,0.36596325,0.067715,False,False,False
KFYSKISEY,1,HPV16,HPV16_18_panel8,False,0.92,0.7481613761217629,True,0.2951816,0.043009,False,False,False
KGDANTLKCL,1,HPV16,HPV16_18_panel8,False,0.61,0.0477645546202912,True,0.13162352,0.005929,False,False,False
KISEYRHYC,1,HPV16,HPV16_18_panel8,False,0.8,0.0307649339899238,True,0.27551737,0.085124,False,False,False
KIVTNILIY,1,EBV,EBV_B95_8_panel8,False,0.84,0.8187736828698143,True,0.16373184,0.174063,True,True,True
KLGPGEEQV,1,EBV,EBV_B95_8_panel8,False,0.8,0.761718457852865,True,0.28544474,0.039522,True,True,True
KLLRYASAK,1,EBV,EBV_B95_8_panel8,False,0.775,0.7738676948344974,True,0.4062178,0.111972,True,True,True
KLLTPVTVL,0,EBV,EBV_B95_8_panel8,False,0.64,0.8478302677466552,True,0.17340513,0.133488,False,False,False
KLPDLCTEL,1,HPV16,HPV16_18_panel8,False,0.745,0.9806983650138286,True,0.19210893,0.168023,True,True,True
KLPHLCTEL,1,HPV16,HPV16_18_panel8,False,0.59,0.8907890231084175,True,0.14328147,0.094251,False,False,False
KLPQLCTEL,1,HPV16,HPV16_18_panel8,True,,0.842965691694033,False,0.11876131,0.102472,True,True,True
KLVCSEPLVK,1,EBV,EBV_B95_8_panel8,False,0.89,0.7257352269369646,True,0.12906143,0.046238,False,False,False
KQPLCLLAAY,1,EBV,EBV_B95_8_panel8,False,0.855,0.0433286711410199,True,0.19638994,0.010129,False,False,False
KRAAPPTVSPS,0,EBV,EBV_B95_8_panel8,False,0.22,0.0701080587483514,True,0.23170815,0.008693,False,False,False
KRPPIFIRR,1,EBV,EBV_B95_8_panel8,False,0.895,0.902215167390254,True,0.29897708,0.115945,True,True,True
KRPPIFIRRL,1,EBV,EBV_B95_8_panel8,False,0.795,0.8173934523940487,True,0.1788957,0.039261,True,True,True
KRPRVEESSH,0,EBV,EBV_B95_8_panel8,False,0.25,0.1398129542309703,True,0.44311404,0.005153,False,False,False
KRTNVKTSDR,0,EBV,EBV_B95_8_panel8,False,0.21,0.4290768123250608,True,0.31480905,0.024619,False,False,False
KSAIVTLTY,1,HPV16,HPV16_18_panel8,False,0.835,0.9615248691902104,True,0.7231757,0.249021,True,True,True
KSNSPFDFFV,1,EBV,EBV_B95_8_panel8,False,0.73,0.0226442436373465,True,0.1454599,0.026819,False,False,False
LASAMRML,1,EBV,EBV_B95_8_panel8,False,0.715,0.0060900659097174,True,0.1908209,0.001902,True,True,True
LAVSKNKAL,1,HPV16,HPV16_18_panel8,False,0.835,0.7359928609210715,True,0.29186618,0.037871,True,True,True
LCVQSTHVD,0,HPV16,HPV16_18_panel8,False,0.585,0.0054668830678855,True,0.32829982,0.006491,False,False,False
LCVQSTHVDI,1,HPV16,HPV16_18_panel8,False,0.47,0.0205863972595948,True,0.07877057,0.003873,False,False,False
LDFVRFMGV,1,EBV,EBV_B95_8_panel8,False,0.81,0.2202737787573546,True,0.14801791,0.036584,False,False,False
LEDLLMGTL,1,HPV16,HPV16_18_panel8,False,0.845,0.206421353027423,True,0.3795992,0.023378,True,True,True
LEDLLMGTLGI,1,HPV16,HPV16_18_panel8,False,0.825,0.015672484246808,True,0.1150377,0.007999,False,False,False
LEKARGSTY,1,EBV,EBV_B95_8_panel8,False,0.76,0.7821582304408821,True,0.44110897,0.010741,False,False,False
LFTFLAMAEKL,1,EBV,EBV_B95_8_panel8,False,0.48,0.0048811430862684,True,0.11261227,0.004216,False,False,False
LIIPNVTLAH,1,EBV,EBV_B95_8_panel8,False,0.82,0.041989607826578,True,0.12152345,0.015086,True,True,True
LIPETVPYI,0,EBV,EBV_B95_8_panel8,False,0.865,0.9612615142298132,True,0.27639475,0.155198,False,False,False
LIVAAIVFI,1,EBV,EBV_B95_8_panel8,False,0.86,0.6428162153106933,True,0.270948,0.116363,False,False,False
LIVDAVLQL,1,EBV,EBV_B95_8_panel8,False,0.75,0.8142391230341806,True,0.08412621,0.108483,True,True,True
LLARSHVER,1,EBV,EBV_B95_8_panel8,False,0.71,0.0955065932382087,True,0.33059886,0.018918,False,False,False
LLDFVRFMG,1,EBV,EBV_B95_8_panel8,False,0.785,0.0119911003276495,True,0.48418042,0.054423,False,False,False
LLDFVRFMGV,1,EBV,EBV_B95_8_panel8,False,0.845,0.554735302453054,True,0.11554368,0.047724,False,False,False
LLDFVRFMGY,1,EBV,EBV_B95_8_panel8,False,0.81,0.712275488989889,True,0.50168437,0.201138,False,False,False
LLDFVRMGV,1,EBV,EBV_B95_8_panel8,False,0.885,0.8291960263531883,True,0.3364417,0.072439,False,False,False
LLIEGIFFI,1,EBV,EBV_B95_8_panel8,False,0.865,0.959117886874124,True,0.18816166,0.284429,True,True,True
LLIRCINCQK,1,HPV16,HPV16_18_panel8,False,0.76,0.4721249811504704,True,0.16650544,0.013883,True,True,True
LLLIALWNL,1,EBV,EBV_B95_8_panel8,False,0.6,0.7455082018549085,True,0.13817547,0.117224,False,False,False
LLMGTLGIV,1,HPV16,HPV16_18_panel8,True,,0.8103009242410344,False,0.14467423,0.043111,True,True,True
LLMGTLGIVC,0,HPV16,HPV16_18_panel8,False,0.55,0.0724071887758038,True,0.16307351,0.030541,True,True,True
LLQHYREVAA,1,EBV,EBV_B95_8_panel8,False,0.775,0.0325633685394303,True,0.3369355,0.008366,False,False,False
LLQQYCLYL,1,HPV16,HPV16_18_panel8,False,0.83,0.756449810939836,True,0.08236268,0.196833,True,True,True
LLRREVYDF,0,HPV16,HPV16_18_panel8,False,0.655,0.1072141092119774,True,0.35832354,0.056094,True,True,True
LLSAWILTA,1,EBV,EBV_B95_8_panel8,False,0.895,0.9274411414477658,True,0.123963,0.125513,True,True,True
LLSVSTYTS,1,HPV16,HPV16_18_panel8,False,0.725,0.0180714196679956,True,0.19892873,0.018513,False,False,False
LLVDLLWLL,1,EBV,EBV_B95_8_panel8,False,0.88,0.880096285240312,True,0.15239257,0.249875,True,True,True
LLVIVAPYL,0,EBV,EBV_B95_8_panel8,False,0.765,0.8231384605633822,True,0.14214821,0.071643,False,False,False
LLWAARPRL,1,EBV,EBV_B95_8_panel8,False,0.69,0.8488331181526771,True,0.30064285,0.02271,True,True,True
LLWTLVLL,0,EBV,EBV_B95_8_panel8,False,0.83,0.0518999846519229,True,0.118020095,0.028908,True,True,True
LLWTLVVL,1,EBV,EBV_B95_8_panel8,False,0.765,0.0551910522718422,True,0.09600009,0.036859,True,True,True
LLWTLVVLL,1,EBV,EBV_B95_8_panel8,False,0.82,0.7740554554140249,True,0.12266869,0.220398,True,True,True
LLYDSPATL,1,EBV,EBV_B95_8_panel8,False,0.78,0.984587098442656,True,0.17351238,0.145763,False,False,False
LMGTLGIVCPI,1,HPV16,HPV16_18_panel8,False,0.525,0.0182326179858358,True,0.1681301,0.004785,True,True,True
LMIIPLINV,1,EBV,EBV_B95_8_panel8,False,0.835,0.9162605135096435,True,0.10260125,0.080605,False,False,False
LPCVLWPVL,1,EBV,EBV_B95_8_panel8,False,0.67,0.6208802850771926,True,0.32870448,0.083568,True,True,True
LPLDLSVILF,1,EBV,EBV_B95_8_panel8,False,0.73,0.794191609201099,True,0.15565988,0.088105,False,False,False
LPPHDITPY,1,EBV,EBV_B95_8_panel8,False,0.805,0.8285886063851218,True,0.5291215,0.129648,True,True,True
LPQGQLTAY,0,EBV,EBV_B95_8_panel8,False,0.9,0.9792961069148226,True,0.37009802,0.173459,True,True,True
LPRAWLQRL,1,EBV,EBV_B95_8_panel8,False,0.88,0.9204468846074776,True,0.39625287,0.10112,False,False,False
LPRDTGPEL,1,EBV,EBV_B95_8_panel8,False,0.94,0.9832601944152448,True,0.53537214,0.15899,False,False,False
LPVIVAPYL,1,EBV,EBV_B95_8_panel8,False,0.935,0.9263906140640488,True,0.28549597,0.190823,False,False,False
LQDVSLEVY,1,HPV16,HPV16_18_panel8,False,0.745,0.7495764229430034,True,0.32258186,0.133238,True,True,True
LQHYREVAA,1,EBV,EBV_B95_8_panel8,False,0.865,0.2229204549801896,True,0.52719164,0.083003,False,False,False
LQPETTDLY,1,HPV16,HPV16_18_panel8,False,0.695,0.2021582943052307,True,0.5291215,0.053084,True,True,True
LQSSLHLTA,1,HPV16,HPV16_18_panel8,False,0.745,0.1168161674460203,True,0.081270754,0.027037,False,False,False
LQTHIFAEV,1,EBV,EBV_B95_8_panel8,False,0.885,0.9379703139258254,True,0.12682337,0.066618,False,False,False
LQTTIHDII,1,HPV16,HPV16_18_panel8,False,0.735,0.1415940031113471,True,0.14215939,0.082941,True,True,True
LRGKWQRRYR,1,EBV,EBV_B95_8_panel8,False,0.69,0.1617363848842388,True,0.4076701,0.006491,True,True,True
LRLCVQSTH,0,HPV16,HPV16_18_panel8,False,0.35,0.3331803759961732,True,0.20046556,0.047583,False,False,False
LRLCVQSTHV,0,HPV16,HPV16_18_panel8,False,0.3,0.1207926334215193,True,0.19999865,0.014223,False,False,False
LRTLTPVPNR,0,EBV,EBV_B95_8_panel8,False,0.445,0.2635664156917859,True,0.19191612,0.02213,False,False,False
LSIFDTSLF,0,EBV,EBV_B95_8_panel8,False,0.68,0.2618763285135664,True,0.0731047,0.047589,True,True,True
LSRLPFGMA,1,EBV,EBV_B95_8_panel8,False,0.595,0.0151345462557153,True,0.26647428,0.021639,False,False,False
LSVSTYTSL,1,HPV16,HPV16_18_panel8,False,0.62,0.1859598177195837,True,0.23668234,0.059591,False,False,False
LTAGFLIFL,1,EBV,EBV_B95_8_panel8,False,0.9,0.7517917795284793,True,0.06265474,0.16802,True,True,True
LTAPTGCIKK,1,HPV16,HPV16_18_panel8,False,0.71,0.8728481423681278,True,0.25888923,0.055141,True,True,True
LTEWGSGNRTY,0,EBV,EBV_B95_8_panel8,False,0.88,0.9446441779238028,True,0.31825447,0.048066,True,True,True
LVLLLWITA,0,HPV16,HPV16_18_panel8,False,0.62,0.0345985926920794,True,0.07077133,0.040201,False,False,False
LYALALLLL,1,EBV,EBV_B95_8_panel8,False,0.705,0.6852820055479295,True,0.1726659,0.174422,True,True,True
LYGVSFSEL,1,HPV16,HPV16_18_panel8,False,0.48,0.8997023339310537,True,0.1654657,0.163604,False,False,False
LYLQQNWWTL,1,EBV,EBV_B95_8_panel8,False,0.295,0.6832165643742076,True,0.14154425,0.065936,True,True,True
LYNLRRGIAL,0,EBV,EBV_B95_8_panel8,False,0.53,0.2219595658050347,True,0.23971812,0.014999,False,False,False
LYNLRRGTA,0,EBV,EBV_B95_8_panel8,False,0.565,0.0252134171965791,True,0.3411151,0.007388,False,False,False
LYNLRRGTAL,0,EBV,EBV_B95_8_panel8,False,0.555,0.1516477968843277,True,0.31843367,0.016552,False,False,False
LYTGLAQAL,0,EBV,EBV_B95_8_panel8,False,0.615,0.8947311199965863,True,0.5022071,0.079576,False,False,False
MGSLEMLPM,0,EBV,EBV_B95_8_panel8,False,0.75,0.1042497954087604,True,0.08397801,0.031493,False,False,False
MGSLEMMPM,0,EBV,EBV_B95_8_panel8,False,0.535,0.0596159476401739,True,0.07240948,0.029629,False,False,False
MGSLEMVPM,1,EBV,EBV_B95_8_panel8,False,0.25,0.0711598247417107,True,0.069960594,0.031786,True,True,True
MGSLEVMPM,1,EBV,EBV_B95_8_panel8,False,0.615,0.1137042354724127,True,0.07147363,0.032553,False,False,False
MHGDTPTL,1,HPV16,HPV16_18_panel8,False,0.75,0.0144054048591662,True,0.1098003,0.007076,False,False,False
MLDLQPET,1,HPV16,HPV16_18_panel8,False,0.755,0.0062571934433848,True,0.101097,0.001006,True,True,True
MLDLQPETT,1,HPV16,HPV16_18_panel8,False,0.715,0.099812860665341,True,0.33824196,0.018773,True,True,True
MLLLIVAGI,0,EBV,EBV_B95_8_panel8,False,0.73,0.776955234976463,True,0.17358556,0.072794,False,False,False
MRAGREITQM,0,EBV,EBV_B95_8_panel8,False,0.39,0.6223277380647642,True,0.3452244,0.03124,False,False,False
MRERQLPQST,0,EBV,EBV_B95_8_panel8,False,0.09,0.0190500148681443,True,0.4139716,0.003315,False,False,False
MTNLDTAST,0,HPV16,HPV16_18_panel8,False,0.68,0.0104522149146972,True,0.10566183,0.017521,False,False,False
NAAEPEQPW,0,EBV,EBV_B95_8_panel8,False,0.885,0.6683032042154698,True,0.31425813,0.026072,True,True,True
NCNSNTTPI,0,HPV16,HPV16_18_panel8,False,0.255,0.0394108210283409,True,0.099585615,0.01479,False,False,False
NDYHHFKTI,1,EBV,EBV_B95_8_panel8,False,0.81,0.3685290499843198,True,0.5885338,0.06789,False,False,False
NGALAINTF,1,EBV,EBV_B95_8_panel8,False,0.805,0.3765528283791071,True,0.25864974,0.134965,True,True,True
NIAEGLRAL,0,EBV,EBV_B95_8_panel8,False,0.795,0.4602284477090753,True,0.079409786,0.05649,False,False,False
NIVTFCCKC,0,HPV16,HPV16_18_panel8,False,0.705,0.0071680366744775,True,0.113086104,0.006326,False,False,False
NIVTFCCKCD,0,HPV16,HPV16_18_panel8,False,0.325,0.0047375975556495,True,0.064635694,0.001188,False,False,False
NKPLCDLLI,1,HPV16,HPV16_18_panel8,False,0.68,0.0351735976760842,True,0.35819852,0.011261,False,False,False
NLDTASTTL,1,HPV16,HPV16_18_panel8,False,0.755,0.8938008129683134,True,0.09296561,0.111521,False,False,False
NNLPNDVFREA,1,EBV,EBV_B95_8_panel8,False,0.825,0.0395558981600134,True,0.10693493,0.003419,False,False,False
NPCHTTKLL,1,HPV16,HPV16_18_panel8,False,0.84,0.8067382987123092,True,0.32298788,0.059244,True,True,True
NPRLPVCNL,1,EBV,EBV_B95_8_panel8,False,0.725,0.9410915296663824,True,0.2622226,0.120522,False,False,False
NPYAVCDKCL,1,HPV16,HPV16_18_panel8,False,0.725,0.3680662877622813,True,0.2033624,0.007488,True,True,True
NRGWMQRIRR,0,EBV,EBV_B95_8_panel8,False,0.46,0.2973123338516582,True,0.42906386,0.024709,False,False,False
NRVGADSIML,0,EBV,EBV_B95_8_panel8,False,0.525,0.5199989306531213,True,0.135115,0.036757,False,False,False
NSIIMLGQDDF,1,EBV,EBV_B95_8_panel8,False,0.715,0.0218999315954387,True,0.09654004,0.005335,False,False,False
NTTPIVHLK,1,HPV16,HPV16_18_panel8,False,0.895,0.9837979894698792,True,0.5226126,0.205803,True,True,True
NYNPGTLSSL,0,EBV,EBV_B95_8_panel8,False,0.465,0.9049595511636798,True,0.27168587,0.057193,True,True,True
PARSLREWEL,0,EBV,EBV_B95_8_panel8,False,0.67,0.0197115149673855,True,0.34190786,0.004162,False,False,False
PDRAHYNIV,1,HPV16,HPV16_18_panel8,False,0.57,0.022332396507984,True,0.564367,0.007636,False,False,False
PGPGPQPGPL,0,EBV,EBV_B95_8_panel8,False,0.47,0.1259087107551847,True,0.5384684,0.003337,False,False,False
PKFENIAEGLR,1,EBV,EBV_B95_8_panel8,False,0.715,0.0165232004904075,True,0.28587836,0.004024,False,False,False
PLFDRKSDAK,1,EBV,EBV_B95_8_panel8,False,0.8,0.0158046556605519,True,0.31261927,0.00482,False,False,False
PLFLIHTHA,0,HPV16,HPV16_18_panel8,False,0.765,0.0214533630546905,True,0.1290972,0.014178,False,False,False
PLSRLPFGM,1,EBV,EBV_B95_8_panel8,False,0.63,0.0248307514955488,True,0.31492698,0.010279,False,False,False
PNASGMFESRW,1,EBV,EBV_B95_8_panel8,False,0.7,0.0066003673392655,True,0.334986,0.003103,False,False,False
PPCPYAESSWA,1,EBV,EBV_B95_8_panel8,False,0.46,0.0046116138074602,True,0.3131492,0.004229,False,False,False
PRAPHLPPQW,0,EBV,EBV_B95_8_panel8,False,0.74,0.0530083747346485,True,0.31019172,0.008142,False,False,False
PRAPIRPIPT,0,EBV,EBV_B95_8_panel8,False,0.47,0.0133342430352819,True,0.32845318,0.007902,False,False,False
PRGDATSETS,0,EBV,EBV_B95_8_panel8,False,0.165,0.0068494888464547,True,0.29893523,0.003328,False,False,False
PRILAPLSAG,0,EBV,EBV_B95_8_panel8,False,0.29,0.0070028692529061,True,0.2183428,0.00492,False,False,False
PRIMAPPVVR,0,EBV,EBV_B95_8_panel8,False,0.515,0.1895941489019573,True,0.24265218,0.020946,False,False,False
PRKLPWPTPK,0,EBV,EBV_B95_8_panel8,False,0.42,0.1013980196426059,True,0.31919572,0.014791,False,False,False
PRLQLSLVPL,0,EBV,EBV_B95_8_panel8,False,0.445,0.080123632215144,True,0.180577,0.019391,False,False,False
PRPSWAPSVC,0,EBV,EBV_B95_8_panel8,False,0.525,0.0079725843197415,True,0.12154824,0.007171,False,False,False
PRSQHPCYR,0,EBV,EBV_B95_8_panel8,False,0.49,0.0324578403242522,True,0.42906386,0.011112,False,False,False
PRVEESSHGP,0,EBV,EBV_B95_8_panel8,False,0.46,0.0061512405893478,True,0.35299504,0.003116,False,False,False
PRYEDPDAPL,0,EBV,EBV_B95_8_panel8,False,0.405,0.0627004637627201,True,0.5556771,0.009702,True,True,True
PSDSAGNDG,1,EBV,EBV_B95_8_panel8,False,0.625,0.0088340712130173,True,0.5602022,0.00584,False,False,False
PVFDRKSDAK,1,EBV,EBV_B95_8_panel8,False,0.815,0.0277284937337991,True,0.31261927,0.005231,False,False,False
PYAVCDKCL,1,HPV16,HPV16_18_panel8,False,0.595,0.1364224864390474,True,0.34024945,0.0196,True,True,True
PYLFWLAA,1,EBV,EBV_B95_8_panel8,False,0.755,0.0055380735837311,True,0.082621306,0.002831,True,True,True
PYLFWLAAI,1,EBV,EBV_B95_8_panel8,False,0.615,0.5423715630538093,True,0.36798948,0.179886,True,True,True
PYLFWLAAIA,1,EBV,EBV_B95_8_panel8,False,0.515,0.0040326156033596,True,0.1367138,0.014368,True,True,True
QAEPDRAHY,1,HPV16,HPV16_18_panel8,False,0.725,0.7928829756081741,True,0.5414925,0.124248,False,False,False
QAKWRLQTL,1,EBV,EBV_B95_8_panel8,False,0.865,0.8136137695022655,True,0.30347756,0.203763,True,True,True
QERPRKLPQL,1,HPV16,HPV16_18_panel8,False,0.555,0.2536815232325223,True,0.406945,0.006369,False,False,False
QHLANHPAA,0,HPV16,HPV16_18_panel8,False,0.73,0.0192428770347036,True,0.3168516,0.003439,False,False,False
QIFNKPYWL,1,HPV16,HPV16_18_panel8,False,0.725,0.8595392312711914,True,0.22958831,0.125469,False,False,False
QLLQHYREV,1,EBV,EBV_B95_8_panel8,False,0.755,0.6946103613139843,True,0.5357087,0.117792,False,False,False
QLLRREVYDF,1,HPV16,HPV16_18_panel8,False,0.8,0.0149025951642313,True,0.3104596,0.020541,True,True,True
QLSPLLGAV,1,EBV,EBV_B95_8_panel8,False,0.785,0.8136121116947673,True,0.18538772,0.03261,False,False,False
QLTPHTKAV,0,EBV,EBV_B95_8_panel8,False,0.785,0.516780255792492,True,0.34581771,0.076415,False,False,False
QNGALAINT,1,EBV,EBV_B95_8_panel8,False,0.39,0.0063110774359574,True,0.5264158,0.003985,True,True,True
QNGALAINTF,1,EBV,EBV_B95_8_panel8,False,0.605,0.0919823412222221,True,0.27368253,0.014958,True,True,True
QPAPENAYQAY,1,EBV,EBV_B95_8_panel8,False,0.885,0.936725243093605,True,0.22204317,0.040471,True,True,True
QPETTDLYCY,0,HPV16,HPV16_18_panel8,False,0.675,0.5202891589745732,True,0.5077793,0.088777,True,True,True
QPRAPIRPI,1,EBV,EBV_B95_8_panel8,False,0.845,0.8722974902403631,True,0.40145817,0.083647,True,True,True
QPRAPIRPIPT,1,EBV,EBV_B95_8_panel8,False,0.645,0.4525117788035517,True,0.20384122,0.022146,True,True,True
QPRAPIRPIT,1,EBV,EBV_B95_8_panel8,False,0.7,0.6867551117238462,True,0.2576778,0.027779,True,True,True
QPRLTPPQPL,1,EBV,EBV_B95_8_panel8,False,0.68,0.7226444020198994,True,0.40270123,0.073979,True,True,True
QQNWWTLLV,1,EBV,EBV_B95_8_panel8,False,0.82,0.6584672606734819,True,0.18324146,0.091749,False,False,False
QQYNKPLCDL,1,HPV16,HPV16_18_panel8,False,0.615,0.0552661471775669,True,0.09420944,0.008852,True,True,True
QRFHNIRGRW,1,HPV16,HPV16_18_panel8,False,0.775,0.7080823430519706,True,0.3996978,0.028556,False,False,False
QRIRRRRRRR,0,EBV,EBV_B95_8_panel8,False,0.425,0.1128296522703129,True,0.4271475,0.00781,False,False,False
QRLQDIRRGPL,0,EBV,EBV_B95_8_panel8,False,0.635,0.3759114320034826,True,0.21540122,0.006446,False,False,False
QRPVMFVSRV,0,EBV,EBV_B95_8_panel8,False,0.775,0.0584974867750539,True,0.18649492,0.01094,False,False,False
QRRYRRIYDL,0,EBV,EBV_B95_8_panel8,False,0.215,0.0824396903320464,True,0.44068888,0.026989,False,False,False
QRRYRRIYPL,0,EBV,EBV_B95_8_panel8,False,0.095,0.0909523983678396,True,0.44675776,0.024349,False,False,False
QRSGRRQKRA,0,EBV,EBV_B95_8_panel8,False,0.355,0.038804765869223,True,0.31795913,0.002678,False,False,False
QRSYVSGVL,1,EBV,EBV_B95_8_panel8,False,0.57,0.6612312210072838,True,0.30297637,0.084235,True,True,True
QSRGDENRGW,1,EBV,EBV_B95_8_panel8,False,0.775,0.0200603905090263,True,0.33979443,0.001372,False,False,False
QSTHVDIRT,0,HPV16,HPV16_18_panel8,False,0.635,0.0068998374772015,True,0.4649889,0.006436,False,False,False
QSTHVDIRTL,0,HPV16,HPV16_18_panel8,False,0.765,0.022286587109322,True,0.09901857,0.006719,False,False,False
QTAAAVVF,1,EBV,EBV_B95_8_panel8,False,0.69,0.0124027628024272,True,0.096588604,0.002158,False,False,False
QTHIFAEVL,0,EBV,EBV_B95_8_panel8,False,0.755,0.1016469668258255,True,0.074872054,0.030902,False,False,False
QVATEGLAK,1,EBV,EBV_B95_8_panel8,False,0.705,0.8244681521280306,True,0.19526877,0.102978,True,True,True
QVDYYGLYY,1,HPV16,HPV16_18_panel8,False,0.73,0.8402370759674588,True,0.5544778,0.340207,False,False,False
QVILCPTSV,1,HPV16,HPV16_18_panel8,False,0.745,0.1847164487286795,True,0.06619272,0.067084,True,True,True
QYNKPLCDL,1,HPV16,HPV16_18_panel8,False,0.445,0.4862833903590958,True,0.5323583,0.058056,True,True,True
QYNKPLCDLL,1,HPV16,HPV16_18_panel8,False,0.625,0.4936494351021746,True,0.18950252,0.04733,True,True,True
RAHNIVYTIF,1,HPV16,HPV16_18_panel8,False,0.795,0.307938895364091,True,0.14812294,0.060623,False,False,False
RAHYNIVTE,1,HPV16,HPV16_18_panel8,False,0.8,0.0269282363814354,True,0.19307615,0.024307,False,False,False
RAHYNIVTF,1,HPV16,HPV16_18_panel8,True,,0.9252952348170612,False,0.23669411,0.148685,True,True,True
RAHYNIVTFC,0,HPV16,HPV16_18_panel8,False,0.74,0.0052489826868445,True,0.19287132,0.017648,True,True,True
RAHYSIVTF,0,HPV16,HPV16_18_panel8,False,0.875,0.9043160996503772,True,0.19250683,0.15868,False,False,False
RAKFKHLLQ,1,EBV,EBV_B95_8_panel8,False,0.67,0.0356378465979177,True,0.30604875,0.027987,False,False,False
RAKFKQLL,1,EBV,EBV_B95_8_panel8,True,,0.6024487884137386,False,0.19439398,0.064824,False,False,False
RAKFKQLLQ,1,EBV,EBV_B95_8_panel8,False,0.79,0.0710176915660707,True,0.28790712,0.012817,False,False,False
RALIDEFMSV,1,EBV,EBV_B95_8_panel8,False,0.73,0.1754556686784896,True,0.13590123,0.026857,False,False,False
RCINCQKPL,0,HPV16,HPV16_18_panel8,False,0.565,0.0975210852632451,True,0.35146907,0.0022,False,False,False
RFIAQLLLL,1,EBV,EBV_B95_8_panel8,False,0.825,0.9223007820504436,True,0.15441868,0.099928,True,True,True
RHLDKKQRF,1,HPV16,HPV16_18_panel8,False,0.62,0.3669319938021559,True,0.39580148,0.019871,False,False,False
RKIYDLIEL,1,EBV,EBV_B95_8_panel8,False,0.98,0.7461325144154449,True,0.554305,0.073155,False,False,False
RLCVQSTHV,0,HPV16,HPV16_18_panel8,False,0.81,0.7521194104816443,True,0.1873721,0.040021,False,False,False
RLCVQSTHVD,0,HPV16,HPV16_18_panel8,False,0.365,0.0051622231833275,True,0.092139505,0.006253,False,False,False
RLECAIYYK,1,HPV16,HPV16_18_panel8,False,0.9,0.6977233762976569,True,0.13158698,0.128027,True,True,True
RLGATIWQL,1,EBV,EBV_B95_8_panel8,False,0.82,0.8746858303488872,True,0.19948404,0.162347,False,False,False
RLRAEAQVK,1,EBV,EBV_B95_8_panel8,False,0.59,0.6730144380217293,True,0.23877774,0.041494,True,True,True
RPFKSNKST,1,HPV16,HPV16_18_panel8,False,0.8,0.5930651317355758,True,0.32742393,0.012769,False,False,False
RPGRPLAGFYA,1,EBV,EBV_B95_8_panel8,False,0.85,0.5719977780056097,True,0.2764949,0.010628,False,False,False
RPLLLSVST,0,HPV16,HPV16_18_panel8,False,0.83,0.5319461832675905,True,0.20371257,0.049248,False,False,False
RPPIFIRLL,1,EBV,EBV_B95_8_panel8,False,0.855,0.8932722084779572,True,0.24783827,0.075793,True,True,True
RPPIFIRRL,1,EBV,EBV_B95_8_panel8,True,,0.9146464053555644,False,0.2829719,0.060556,True,True,True
RPPIFIRRLH,1,EBV,EBV_B95_8_panel8,False,0.665,0.0216742904642946,True,0.27645332,0.021544,True,True,True
RPQGGSRPEFV,0,EBV,EBV_B95_8_panel8,False,0.845,0.5425864576108237,True,0.32824948,0.02047,True,True,True
RPQKRPSCI,1,EBV,EBV_B95_8_panel8,False,0.895,0.9000180978451611,True,0.30379778,0.050343,True,True,True
RPQKRPSCIGC,1,EBV,EBV_B95_8_panel8,False,0.655,0.3987327911273463,True,0.20355497,0.005362,True,True,True
RPRFEHPHL,1,EBV,EBV_B95_8_panel8,False,0.91,0.9812668911569918,True,0.40639213,0.147594,False,False,False
RPRKLPQLC,1,HPV16,HPV16_18_panel8,False,0.795,0.6155789937869625,True,0.38196838,0.044202,True,True,True
RPRKLPQLCT,1,HPV16,HPV16_18_panel8,False,0.605,0.4865546644574325,True,0.2632749,0.020023,True,True,True
RPRNRYSQL,1,EBV,EBV_B95_8_panel8,False,0.9,0.9530347160165789,True,0.37229982,0.142451,False,False,False
RPRPPARSL,1,EBV,EBV_B95_8_panel8,False,0.955,0.9892725123367938,True,0.38008863,0.228478,False,False,False
RPTELQPTP,1,EBV,EBV_B95_8_panel8,False,0.84,0.6199479275539631,True,0.3289876,0.018203,True,True,True
RRAALSGHLL,0,EBV,EBV_B95_8_panel8,False,0.875,0.8077349520533926,True,0.24213068,0.084381,False,False,False
RRARSLSAERY,1,EBV,EBV_B95_8_panel8,False,0.6,0.7172889853179197,True,0.3007315,0.022738,False,False,False
RRGACVVYDD,0,EBV,EBV_B95_8_panel8,False,0.18,0.0065974207249386,True,0.23751016,0.007486,False,False,False
RRGIKEHVIQ,0,EBV,EBV_B95_8_panel8,False,0.55,0.1341353223911322,True,0.21561512,0.014363,False,False,False
RRIFDLIEL,1,EBV,EBV_B95_8_panel8,False,0.94,0.9209708641494414,True,0.2344229,0.274468,False,False,False
RRIYDLIEL,1,EBV,EBV_B95_8_panel8,False,0.93,0.9333709040490068,True,0.55813366,0.247587,True,True,True
RRLTVCGGIMF,1,EBV,EBV_B95_8_panel8,False,0.54,0.7879228930610057,True,0.31674835,0.138832,False,False,False
RRLVVTLQC,1,EBV,EBV_B95_8_panel8,False,0.52,0.5412200570565243,True,0.22638413,0.05785,False,False,False
RRPNHMNVL,1,EBV,EBV_B95_8_panel8,False,0.655,0.935514788465079,True,0.40407902,0.076496,False,False,False
RRQKRAAPPT,0,EBV,EBV_B95_8_panel8,False,0.095,0.0663238670160194,True,0.35486385,0.004419,False,False,False
RRRKGWIPL,1,EBV,EBV_B95_8_panel8,False,0.78,0.5250064839868365,True,0.4263612,0.068246,False,False,False
RRRWRRLTV,1,EBV,EBV_B95_8_panel8,False,0.515,0.5128982082623668,True,0.37053254,0.090085,True,True,True
RRWRRLTVC,1,EBV,EBV_B95_8_panel8,False,0.485,0.4446355379054446,True,0.34953442,0.028324,True,True,True
RRYPYPAR,1,HPV16,HPV16_18_panel8,False,0.78,0.7980721898065994,True,0.29196867,0.022968,False,False,False
RRYRRIYDLI,0,EBV,EBV_B95_8_panel8,False,0.72,0.6368224075868351,True,0.3528984,0.060709,False,False,False
RSSRTRRETQ,0,HPV16,HPV16_18_panel8,False,0.135,0.012589110084354,True,0.22389834,0.004035,False,False,False
RTAMFQDPQ,1,HPV16,HPV16_18_panel8,False,0.615,0.0086257813701261,True,0.34136334,0.008569,False,False,False
RTAMFQDPQER,1,HPV16,HPV16_18_panel8,False,0.78,0.2546378652567183,True,0.08955874,0.007342,True,True,True
RTLEDLLMGT,1,HPV16,HPV16_18_panel8,False,0.885,0.0761217249053822,True,0.06452419,0.016729,True,True,True
RTLEDLLMGTL,1,HPV16,HPV16_18_panel8,False,0.67,0.1090124845272356,True,0.08685244,0.019167,True,True,True
RVRAYTYSK,1,EBV,EBV_B95_8_panel8,False,0.815,0.8752368478783042,True,0.34568414,0.174994,True,True,True
RWTGRCMSCC,1,HPV16,HPV16_18_panel8,False,0.41,0.005803417179941,True,0.16854061,0.002277,False,False,False
RYAREAEVRF,0,EBV,EBV_B95_8_panel8,False,0.755,0.8464905652973532,True,0.31111625,0.031638,True,True,True
RYCCYYCLTL,1,EBV,EBV_B95_8_panel8,False,0.41,0.5610453327211126,True,0.10132196,0.065936,True,True,True
RYEDPDAPL,0,EBV,EBV_B95_8_panel8,False,0.61,0.3343763323965164,True,0.5415372,0.025205,True,True,True
RYKNRVASR,1,EBV,EBV_B95_8_panel8,False,0.52,0.0744022057816925,True,0.3186293,0.021351,False,False,False
RYRFKKHCTL,0,HPV16,HPV16_18_panel8,False,0.65,0.060701085687233,True,0.362934,0.020455,True,True,True
RYSESGQFHAF,1,EBV,EBV_B95_8_panel8,False,0.615,0.9422128985130566,True,0.1608602,0.095597,False,False,False
RYSIFFDY,1,EBV,EBV_B95_8_panel8,False,0.775,0.0401481967077779,True,0.19836295,0.031521,True,True,True
RYSIFFDYM,1,EBV,EBV_B95_8_panel8,False,0.77,0.917805433228829,True,0.38626808,0.272621,True,True,True
SAFRCFIVY,1,HPV16,HPV16_18_panel8,False,0.785,0.9699288644303988,True,0.29356378,0.209887,False,False,False
SCSSCPLSK,1,EBV,EBV_B95_8_panel8,False,0.815,0.2092590557590967,True,0.12026598,0.059032,True,True,True
SEIAYKYAQL,1,HPV16,HPV16_18_panel8,False,0.805,0.8199487188350161,True,0.28428468,0.010006,False,False,False
SELEIKRY,1,EBV,EBV_B95_8_panel8,False,0.905,0.9643669245770768,True,0.2952661,0.000598,True,True,True
SENDRLRLL,1,EBV,EBV_B95_8_panel8,False,0.81,0.8096976914172551,True,0.36740622,0.011575,False,False,False
SEPDTGNPCH,1,HPV16,HPV16_18_panel8,False,0.7,0.0607629779694927,True,0.29867873,0.004446,False,False,False
SESGQFHAF,1,EBV,EBV_B95_8_panel8,False,0.805,0.9662158006766548,True,0.29391515,0.028867,False,False,False
SEYRHYCYSL,1,HPV16,HPV16_18_panel8,False,0.85,0.2708675380689223,True,0.28627202,0.010037,True,True,True
SFDDGVDL,1,EBV,EBV_B95_8_panel8,False,0.625,0.296338465882954,True,0.082677774,0.00137,False,False,False
SFFDRKSDAK,1,EBV,EBV_B95_8_panel8,False,0.86,0.1475788861705228,True,0.19673337,0.007327,False,False,False
SFLTALKRFL,1,HPV16,HPV16_18_panel8,False,0.665,0.0985643427238145,True,0.2825666,0.016502,False,False,False
SIVCYFMVFL,0,EBV,EBV_B95_8_panel8,False,0.695,0.0861463277874089,True,0.068228625,0.096408,False,False,False
SLFDRKSDAK,1,EBV,EBV_B95_8_panel8,False,0.735,0.694704410003482,True,0.24790226,0.019126,False,False,False
SLGGLLTMA,1,EBV,EBV_B95_8_panel8,False,0.935,0.7214978124616227,True,0.13532166,0.102717,True,True,True
SLGGLLTMV,1,EBV,EBV_B95_8_panel8,False,0.87,0.9251984305225388,True,0.10935445,0.192615,False,False,False
SLIILVLLL,1,HPV16,HPV16_18_panel8,False,0.855,0.6382231454863595,True,0.0639705,0.16336,False,False,False
SLREWLLRI,1,EBV,EBV_B95_8_panel8,False,0.82,0.9475351787775156,True,0.20709038,0.094159,False,False,False
SLTRDDAEYL,1,EBV,EBV_B95_8_panel8,False,0.765,0.0580427622181357,True,0.10349741,0.026565,False,False,False
SLVIVTTFV,1,EBV,EBV_B95_8_panel8,False,0.77,0.8840108769758288,True,0.1083305,0.156322,True,True,True
SMFIGTPNV,1,EBV,EBV_B95_8_panel8,False,0.635,0.9667935994212944,True,0.0859291,0.065834,False,False,False
SPEIIRQHL,1,HPV16,HPV16_18_panel8,False,0.82,0.8519988711140449,True,0.5309642,0.174742,True,True,True
SPRHYSTDL,1,EBV,EBV_B95_8_panel8,False,0.85,0.9598261207090892,True,0.55344355,0.200989,False,False,False
SQAPLPCVL,1,EBV,EBV_B95_8_panel8,False,0.67,0.698727219718314,True,0.072221,0.045269,False,False,False
SQFPDFSVL,1,EBV,EBV_B95_8_panel8,False,0.75,0.7878877366559469,True,0.06731453,0.06419,False,False,False
SRDQQPWGQS,0,EBV,EBV_B95_8_panel8,False,0.275,0.0217810223277916,True,0.53957266,0.004005,False,False,False
SRGDENRGWM,0,EBV,EBV_B95_8_panel8,False,0.315,0.1452623346531402,True,0.32121122,0.013894,False,False,False
SRQSPDNERG,0,EBV,EBV_B95_8_panel8,False,0.38,0.0945914710682159,True,0.21392675,0.007759,False,False,False
SRRRRGACVV,0,EBV,EBV_B95_8_panel8,False,0.335,0.0695433462118419,True,0.41251302,0.002291,False,False,False
SRVHGNGTL,1,EBV,EBV_B95_8_panel8,False,0.4,0.5742360076794185,True,0.47807205,0.057662,False,False,False
SRVPAKKPRK,0,EBV,EBV_B95_8_panel8,False,0.57,0.5308659471403063,True,0.28989217,0.019735,False,False,False
SRWPYLHNR,1,HPV16,HPV16_18_panel8,False,0.87,0.8702279950009469,True,0.31357774,0.282192,False,False,False
SSCSSCPL,1,EBV,EBV_B95_8_panel8,False,0.76,0.0046705797557724,True,0.0797412,0.000565,True,True,True
SSCSSCPLS,1,EBV,EBV_B95_8_panel8,False,0.625,0.0114374503198947,True,0.40419158,0.006528,True,True,True
SSCSSCPLSK,1,EBV,EBV_B95_8_panel8,False,0.855,0.6824702704581271,True,0.15885122,0.043355,True,True,True
SSCSSCPLSKI,1,EBV,EBV_B95_8_panel8,False,0.585,0.0296147539422896,True,0.11338921,0.003335,True,True,True
SSCSSCPLSKV,1,EBV,EBV_B95_8_panel8,False,0.645,0.0167203536648189,True,0.11350714,0.002993,True,True,True
SSPEIIRQHL,0,HPV16,HPV16_18_panel8,False,0.835,0.0274173044559185,True,0.09115816,0.014489,True,True,True
SSRTRRETQL,1,HPV16,HPV16_18_panel8,False,0.205,0.0856518735783868,True,0.20037232,0.008329,False,False,False
STAPTGSWF,1,EBV,EBV_B95_8_panel8,False,0.755,0.2020528822699098,True,0.1066205,0.02481,False,False,False
STHVDIRTL,1,HPV16,HPV16_18_panel8,False,0.81,0.2199473577847872,True,0.09810378,0.030705,False,False,False
STHVDIRTLE,1,HPV16,HPV16_18_panel8,False,0.615,0.0091816583760746,True,0.14428304,0.009307,False,False,False
STLRLCVQS,0,HPV16,HPV16_18_panel8,False,0.565,0.0099932046069325,True,0.09821631,0.006236,False,False,False
STLRLCVQST,0,HPV16,HPV16_18_panel8,False,0.37,0.0061627847030688,True,0.09003498,0.002962,False,False,False
STYTSLIIL,1,HPV16,HPV16_18_panel8,False,0.795,0.1444313147987635,True,0.056686047,0.100303,False,False,False
SVFYRKPDTK,0,EBV,EBV_B95_8_panel8,False,0.855,0.8246167436694455,True,0.36009514,0.050542,False,False,False
SVRDRLAR,0,EBV,EBV_B95_8_panel8,False,0.87,0.0106484995777722,True,0.21830602,0.00102,True,True,True
SVRDRLARL,1,EBV,EBV_B95_8_panel8,False,0.76,0.7787894451353529,True,0.31537497,0.05418,True,True,True
SVSTYTSLI,0,HPV16,HPV16_18_panel8,False,0.805,0.2527745850228179,True,0.05911595,0.060557,False,False,False
SYAAAQRKL,1,EBV,EBV_B95_8_panel8,False,0.7,0.7611485355971515,True,0.3393033,0.030784,True,True,True
SYAAAQRKLL,1,EBV,EBV_B95_8_panel8,False,0.75,0.3095536941935649,True,0.32997778,0.011018,True,True,True
SYKTLREFF,1,EBV,EBV_B95_8_panel8,False,0.86,0.9213924354673896,True,0.40439776,0.175575,False,False,False
SYVKQPLCL,0,EBV,EBV_B95_8_panel8,False,0.835,0.9770250217739854,True,0.18521497,0.072076,True,True,True
SYVKQPLCLL,0,EBV,EBV_B95_8_panel8,False,0.685,0.7140892137634901,True,0.062270947,0.019305,True,True,True
TFCCKCDSTL,0,HPV16,HPV16_18_panel8,False,0.345,0.0892489691539223,True,0.08326766,0.005256,False,False,False
THIFAEVLKD,1,EBV,EBV_B95_8_panel8,False,0.885,0.0073095438086362,True,0.20206876,0.002335,False,False,False
THVDIRTLE,1,HPV16,HPV16_18_panel8,False,0.63,0.0242949930967206,True,0.657668,0.007659,False,False,False
THVDIRTLED,0,HPV16,HPV16_18_panel8,False,0.665,0.0103412505466766,True,0.08845215,0.00216,False,False,False
TIHDIILEC,1,HPV16,HPV16_18_panel8,False,0.755,0.0992037353597103,True,0.0676653,0.134475,True,True,True
TIHDIILECV,1,HPV16,HPV16_18_panel8,True,,0.5141793582872789,False,0.10649068,0.069207,True,True,True
TLDTKPLSV,1,EBV,EBV_B95_8_panel8,False,0.965,0.9748039896363628,True,0.32702926,0.143397,True,True,True
TLDYKPLSV,1,EBV,EBV_B95_8_panel8,False,0.765,0.9602210181959924,True,0.38995895,0.137443,True,True,True
TLEDLLMGT,1,HPV16,HPV16_18_panel8,False,0.795,0.1575251516485805,True,0.35830712,0.042784,True,True,True
TLFIGSHVV,1,EBV,EBV_B95_8_panel8,False,0.72,0.9793980935107152,True,0.15634856,0.070142,True,True,True
TLGIVCPI,1,HPV16,HPV16_18_panel8,False,0.84,0.0738852138965217,True,0.20882872,0.004793,True,True,True
TLGIVCPIC,1,HPV16,HPV16_18_panel8,False,0.66,0.0247533504827052,True,0.0563141,0.011538,True,True,True
TLHEYMLDL,1,HPV16,HPV16_18_panel8,False,0.885,0.7929098739752499,True,0.10514356,0.156603,True,True,True
TLIDVCPI,1,HPV16,HPV16_18_panel8,False,0.845,0.0734487527217389,True,0.166603,0.003564,False,False,False
TLKCLRYRFK,1,HPV16,HPV16_18_panel8,False,0.585,0.1510648641927917,True,0.35249367,0.033041,True,True,True
TLLACFLLC,0,HPV16,HPV16_18_panel8,False,0.675,0.0929192877528768,True,0.07964001,0.049038,False,False,False
TLLQQYCLYL,1,HPV16,HPV16_18_panel8,False,0.795,0.5499960714133709,True,0.098997034,0.074325,True,True,True
TLLVDLLWL,1,EBV,EBV_B95_8_panel8,False,0.705,0.6564681492450862,True,0.074758366,0.102468,True,True,True
TLQDVSLEV,1,HPV16,HPV16_18_panel8,False,0.82,0.8927988412594213,True,0.27887323,0.219117,True,True,True
TLQDVSLEVYL,1,HPV16,HPV16_18_panel8,False,0.77,0.6944541973934254,True,0.11462751,0.061255,True,True,True
TLRLCVQST,0,HPV16,HPV16_18_panel8,False,0.49,0.0176508084000109,True,0.10923506,0.046953,False,False,False
TLRLCVQSTH,0,HPV16,HPV16_18_panel8,False,0.41,0.0144044868267852,True,0.18398005,0.005682,False,False,False
TLTSYWRR,1,EBV,EBV_B95_8_panel8,False,0.725,0.0066560787343975,True,0.22493854,0.002079,True,True,True
TLTSYWRRV,1,EBV,EBV_B95_8_panel8,False,0.79,0.2421498502584939,True,0.31111625,0.046876,True,True,True
TLVDVRAIK,1,EBV,EBV_B95_8_panel8,False,0.865,0.7619557139109754,True,0.3538126,0.026351,True,True,True
TLYTAVSST,1,HPV16,HPV16_18_panel8,False,0.655,0.2613320841059996,True,0.06855228,0.025618,False,False,False
TPDPYQVPFV,1,EBV,EBV_B95_8_panel8,False,0.795,0.2262392132545771,True,0.34007782,0.036968,False,False,False
TPRPVSRFL,1,EBV,EBV_B95_8_panel8,False,0.83,0.9738582774097464,True,0.4357547,0.206729,False,False,False
TPSVSSSISSL,1,EBV,EBV_B95_8_panel8,False,0.8,0.7065108590908883,True,0.17029041,0.053978,True,True,True
TPTLHEYML,1,HPV16,HPV16_18_panel8,False,0.89,0.765106592004566,True,0.563448,0.106148,True,True,True
TRFPPPPMPL,0,EBV,EBV_B95_8_panel8,False,0.455,0.684382927784568,True,0.3076509,0.039672,False,False,False
TSFESHDIDHY,1,EBV,EBV_B95_8_panel8,False,0.825,0.8839750513700873,True,0.3049035,0.038032,False,False,False
TSLIILVLL,1,HPV16,HPV16_18_panel8,False,0.695,0.215808398763465,True,0.13304654,0.062256,False,False,False
TSSPSMPEL,1,EBV,EBV_B95_8_panel8,False,0.625,0.1559824535259098,True,0.29941586,0.028684,True,True,True
TTIHDIILECV,1,HPV16,HPV16_18_panel8,False,0.835,0.0339971141541254,True,0.09889975,0.013365,True,True,True
TTLEQQYNK,1,HPV16,HPV16_18_panel8,False,0.83,0.9553783894623038,True,0.33650893,0.121847,True,True,True
TTLLACFLL,0,HPV16,HPV16_18_panel8,False,0.705,0.102191653216953,True,0.0737901,0.029128,False,False,False
TVARHLLGAK,1,EBV,EBV_B95_8_panel8,False,0.9,0.6398949776683146,True,0.1717056,0.037346,True,True,True
TVCGGIMFL,1,EBV,EBV_B95_8_panel8,False,0.905,0.6573178120032913,True,0.066430375,0.126172,True,True,True
TVFYNIPPMPL,1,EBV,EBV_B95_8_panel8,False,0.81,0.0127445374477477,True,0.073588416,0.011401,False,False,False
TVMSNTLLSAW,1,EBV,EBV_B95_8_panel8,False,0.715,0.0570310975105807,True,0.10900327,0.008274,False,False,False
TVQTAAAVVF,1,EBV,EBV_B95_8_panel8,False,0.62,0.0320271411133912,True,0.08400426,0.030816,False,False,False
TYGPVFMCL,1,EBV,EBV_B95_8_panel8,False,0.7,0.9748481559549388,True,0.20552129,0.247101,True,True,True
TYGPVFMSL,1,EBV,EBV_B95_8_panel8,False,0.665,0.9843428221403046,True,0.18564783,0.277181,True,True,True
TYPLREVATL,0,EBV,EBV_B95_8_panel8,False,0.735,0.7177970670194279,True,0.19223832,0.028952,True,True,True
TYPVLEEMF,1,EBV,EBV_B95_8_panel8,False,0.77,0.8542953951028214,True,0.36636373,0.151017,True,True,True
TYSAGIVQI,1,EBV,EBV_B95_8_panel8,True,,0.8545958646680192,False,0.5886829,0.128533,True,True,True
TYTSGEACL,1,EBV,EBV_B95_8_panel8,False,0.48,0.5998711231699577,True,0.53407747,0.050546,True,True,True
TYWQLNQNL,1,EBV,EBV_B95_8_panel8,False,0.675,0.7968993563803364,True,0.4059204,0.060067,True,True,True
TYWQLNQNLL,0,EBV,EBV_B95_8_panel8,False,0.68,0.6293244368453972,True,0.3396587,0.028722,True,True,True
VCDKCLKFY,1,HPV16,HPV16_18_panel8,False,0.82,0.4279251546623324,True,0.20430034,0.128025,True,True,True
VCLLIRPLL,1,HPV16,HPV16_18_panel8,False,0.645,0.3089173595703542,True,0.11189629,0.043202,False,False,False
VCPICSQKP,1,HPV16,HPV16_18_panel8,False,0.66,0.0063589912811881,True,0.2679102,0.001795,False,False,False
VDIRTLEDL,1,HPV16,HPV16_18_panel8,False,0.75,0.079540088284057,True,0.5358183,0.018754,False,False,False
VEDLFGANL,1,EBV,EBV_B95_8_panel8,False,0.775,0.3372926304061285,True,0.22723876,0.016123,False,False,False
VEITPYKPTW,1,EBV,EBV_B95_8_panel8,False,0.785,0.9605352536168228,True,0.21277952,0.029713,False,False,False
VFGQQAYFY,1,EBV,EBV_B95_8_panel8,False,0.65,0.107895915422005,True,0.5329306,0.070882,False,False,False
VFSDGRVAC,1,EBV,EBV_B95_8_panel8,False,0.75,0.0217081949469996,True,0.080345556,0.006507,False,False,False
VLFGLLCLL,1,EBV,EBV_B95_8_panel8,False,0.815,0.8104096335219353,True,0.05169384,0.144766,False,False,False
VLKDAIKDL,1,EBV,EBV_B95_8_panel8,False,0.735,0.3623509175631497,True,0.32045037,0.061651,False,False,False
VLLCVCLLI,1,HPV16,HPV16_18_panel8,False,0.715,0.6887507829568289,True,0.15170273,0.115748,False,False,False
VLLLWITAA,1,HPV16,HPV16_18_panel8,False,0.84,0.7981934441082339,True,0.09213025,0.083037,False,False,False
VLQWASLAV,1,EBV,EBV_B95_8_panel8,False,0.765,0.7205268722330667,True,0.15457106,0.043744,False,False,False
VLRYHVLLEE,1,EBV,EBV_B95_8_panel8,False,0.71,0.0058080761901965,True,0.16990744,0.015335,False,False,False
VMATLLPPV,1,EBV,EBV_B95_8_panel8,False,0.72,0.8864309069176839,True,0.26652735,0.085763,True,True,True
VMSDWTGGALL,1,EBV,EBV_B95_8_panel8,False,0.735,0.526857678073466,True,0.07907853,0.028504,False,False,False
VMSNTLLSAW,1,EBV,EBV_B95_8_panel8,False,0.825,0.0322271666368112,True,0.10700825,0.01472,False,False,False
VPAPAGPIV,1,EBV,EBV_B95_8_panel8,False,0.825,0.9554408369310012,True,0.28773117,0.155332,False,False,False
VPGSETMCY,1,EBV,EBV_B95_8_panel8,False,0.78,0.8218460750311487,True,0.55478376,0.111384,False,False,False
VPRPRFSAL,1,EBV,EBV_B95_8_panel8,False,0.94,0.9841341927970754,True,0.37769413,0.20582,False,False,False
VQPPQLTQV,1,EBV,EBV_B95_8_panel8,False,0.675,0.8160754638108424,True,0.276225,0.028284,False,False,False
VQRTFGVPRRQ,1,EBV,EBV_B95_8_panel8,False,0.755,0.0184090662185448,True,0.21046212,0.003076,False,False,False
VQSTHVDIR,0,HPV16,HPV16_18_panel8,False,0.735,0.0568196659391744,True,0.15826847,0.026096,False,False,False
VQSTHVDIRT,0,HPV16,HPV16_18_panel8,False,0.715,0.0075723367090264,True,0.18357277,0.005019,False,False,False
VQTAAAVVF,1,EBV,EBV_B95_8_panel8,False,0.735,0.1035978856777902,True,0.16678473,0.043222,False,False,False
VRFLRGKWQR,0,EBV,EBV_B95_8_panel8,False,0.3,0.599862937866196,True,0.3996978,0.020236,False,False,False
VRFMGVMSSC,0,EBV,EBV_B95_8_panel8,False,0.525,0.1084934916339358,True,0.12760258,0.012685,False,False,False
VRMFMRERQL,0,EBV,EBV_B95_8_panel8,False,0.67,0.5755444875562874,True,0.34369478,0.023422,False,False,False
VSFIEFVGW,1,EBV,EBV_B95_8_panel8,False,0.855,0.0290928041037875,True,0.41901666,0.031079,True,True,True
VSTAPTGSWF,1,EBV,EBV_B95_8_panel8,False,0.68,0.0229044837093744,True,0.1056871,0.015354,False,False,False
VTFCCKCDS,0,HPV16,HPV16_18_panel8,False,0.535,0.0045355802202363,True,0.49954647,0.001136,False,False,False
VTLAHAGYY,1,EBV,EBV_B95_8_panel8,False,0.815,0.4690264050559838,True,0.27916113,0.116671,True,True,True
VVEGQVDYY,1,HPV16,HPV16_18_panel8,False,0.82,0.869801092410712,True,0.57880235,0.212689,True,True,True
VYAASFSPNL,0,EBV,EBV_B95_8_panel8,False,0.7,0.6590252016890347,True,0.104254,0.044172,True,True,True
VYCKQQLL,1,HPV16,HPV16_18_panel8,False,0.78,0.1205056607313288,True,0.12083075,0.001495,True,True,True
VYDFAFQDL,1,HPV16,HPV16_18_panel8,False,0.975,0.9604676208184608,True,0.39504343,0.169111,False,False,False
VYDFAFRDL,1,HPV16,HPV16_18_panel8,False,0.885,0.9540697664467452,True,0.53615266,0.134172,True,True,True
VYDFAFRDLC,1,HPV16,HPV16_18_panel8,False,0.735,0.023789169787176,True,0.19503336,0.012854,True,True,True
VYDSMLQSDL,0,EBV,EBV_B95_8_panel8,False,0.49,0.2024271514909579,True,0.3340082,0.012494,True,True,True
VYGGSKTSL,1,EBV,EBV_B95_8_panel8,False,0.73,0.7755721063292277,True,0.30025068,0.092091,False,False,False
VYLTAPTGCI,0,HPV16,HPV16_18_panel8,False,0.52,0.5799482695019409,True,0.061589092,0.038999,True,True,True
VYRDGNPYA,1,HPV16,HPV16_18_panel8,False,0.59,0.0477110471352357,True,0.61587363,0.027829,False,False,False
WAKWRLQTL,1,EBV,EBV_B95_8_panel8,False,0.79,0.7543278070467563,True,0.32393673,0.179342,False,False,False
WITAASAFR,0,HPV16,HPV16_18_panel8,False,0.725,0.1221863373460614,True,0.18769926,0.00662,False,False,False
WNLHGQALFL,1,EBV,EBV_B95_8_panel8,False,0.69,0.015361026753651,True,0.06811743,0.010544,False,False,False
WPRTTPTFL,1,EBV,EBV_B95_8_panel8,False,0.87,0.8004776926462235,True,0.388334,0.191928,False,False,False
WPTTPPRPI,1,HPV16,HPV16_18_panel8,False,0.765,0.6721233589004605,True,0.40145817,0.029756,False,False,False
WPYLHNRLV,1,HPV16,HPV16_18_panel8,False,0.76,0.5021974662480615,True,0.41261226,0.01893,False,False,False
WQLLAFFLA,1,EBV,EBV_B95_8_panel8,False,0.725,0.1677824116889546,True,0.19020848,0.027013,False,False,False
WQWEHIPPA,1,EBV,EBV_B95_8_panel8,False,0.75,0.8633938730116487,True,0.26725146,0.035819,True,True,True
WRHWLLTSPS,0,EBV,EBV_B95_8_panel8,False,0.3,0.005657775518767,True,0.22048528,0.015883,False,False,False
WTLVVLLI,1,EBV,EBV_B95_8_panel8,False,0.785,0.006076217122841,True,0.10971274,0.003766,False,False,False
WYKTGISNI,1,HPV16,HPV16_18_panel8,False,0.485,0.6164743358481793,True,0.40808523,0.096533,False,False,False
YAVCDKCLKF,1,HPV16,HPV16_18_panel8,False,0.745,0.3747171072150203,True,0.10217656,0.017096,False,False,False
YCIHNITGV,1,HPV16,HPV16_18_panel8,False,0.835,0.5069926897201283,True,0.23895122,0.058342,False,False,False
YCYSLYGTTL,0,HPV16,HPV16_18_panel8,False,0.625,0.013162152027765,True,0.10710892,0.037188,True,True,True
YDFAFRDL,0,HPV16,HPV16_18_panel8,False,0.78,0.0165488509229225,True,0.09385086,0.001838,True,True,True
YFLEILWRL,0,EBV,EBV_B95_8_panel8,False,0.815,0.859046458217181,True,0.08243893,0.194027,False,False,False
YGTTLEQQY,1,HPV16,HPV16_18_panel8,False,0.725,0.4422161669214766,True,0.543453,0.031984,True,True,True
YHDPETAAAL,1,EBV,EBV_B95_8_panel8,False,0.795,0.7189030483926239,True,0.28154463,0.01017,False,False,False
YHLIVDTDSL,1,EBV,EBV_B95_8_panel8,False,0.76,0.1612931234895744,True,0.12332726,0.011945,True,True,True
YICEEASVTV,1,HPV16,HPV16_18_panel8,False,0.795,0.6860191320037768,True,0.080499455,0.068151,True,True,True
YICEEASVTVV,1,HPV16,HPV16_18_panel8,False,0.88,0.5171989087816363,True,0.06485914,0.028798,True,True,True
YIIFVYIPL,1,HPV16,HPV16_18_panel8,False,0.6,0.6960040685929461,True,0.25218663,0.090126,True,True,True
YLHNRLVVF,1,HPV16,HPV16_18_panel8,False,0.8,0.8903984709590722,True,0.21421215,0.20094,False,False,False
YLLEILWRL,1,EBV,EBV_B95_8_panel8,False,0.86,0.987668134701149,True,0.1016589,0.316766,False,False,False
YLLEMIWRL,0,EBV,EBV_B95_8_panel8,False,0.87,0.992716259924396,True,0.09284214,0.305679,False,False,False
YLLEMLWRL,1,EBV,EBV_B95_8_panel8,False,0.76,0.9848797024416684,True,0.095313214,0.291968,True,True,True
YLQQNWWTL,1,EBV,EBV_B95_8_panel8,False,0.675,0.891609794361045,True,0.090381324,0.171571,True,True,True
YLTAPTGCI,1,HPV16,HPV16_18_panel8,False,0.67,0.4656295006261418,True,0.04861004,0.008824,True,True,True
YMLDLQPET,1,HPV16,HPV16_18_panel8,True,,0.8106109652643477,False,0.10015907,0.034757,True,True,True
YMLDLQPETT,1,HPV16,HPV16_18_panel8,False,0.83,0.5350968381907877,True,0.09126854,0.040536,True,True,True
YMLDLQPETTD,1,HPV16,HPV16_18_panel8,False,0.71,0.0085190325654975,True,0.09481952,0.008417,True,True,True
YNIVTFCCK,0,HPV16,HPV16_18_panel8,False,0.79,0.208434584049645,True,0.19071393,0.017006,False,False,False
YNIVTFCCKC,1,HPV16,HPV16_18_panel8,False,0.595,0.004109096946732,True,0.071816824,0.001891,False,False,False
YNLRRGIAL,1,EBV,EBV_B95_8_panel8,False,0.81,0.9383181188801142,True,0.2923747,0.141236,False,False,False
YNLRRGTAL,1,EBV,EBV_B95_8_panel8,False,0.78,0.8578958464798436,True,0.3274937,0.095636,False,False,False
YPKHEQHGM,0,EBV,EBV_B95_8_panel8,False,0.85,0.7039462442140205,True,0.5309642,0.02775,False,False,False
YPLHEQHGM,1,EBV,EBV_B95_8_panel8,False,0.885,0.903164354317398,True,0.30005938,0.06588,True,True,True
YPLHEQRGM,1,EBV,EBV_B95_8_panel8,False,0.93,0.7527593722993874,True,0.55344355,0.017064,False,False,False
YPLHEQYGM,1,EBV,EBV_B95_8_panel8,False,0.735,0.807340919991785,True,0.3782393,0.068644,False,False,False
YPRNPTEQGNI,1,EBV,EBV_B95_8_panel8,False,0.635,0.5832935265471874,True,0.57871705,0.017199,True,True,True
YQCYNAVKM,1,EBV,EBV_B95_8_panel8,False,0.835,0.0758372194797021,True,0.17850998,0.015944,False,False,False
YQVPFVQAF,1,EBV,EBV_B95_8_panel8,False,0.74,0.9341689867054092,True,0.09488836,0.093757,False,False,False
YRDGNPYAV,1,HPV16,HPV16_18_panel8,False,0.7,0.808628898371238,True,0.3169682,0.078858,False,False,False
YRFKKHCTL,1,HPV16,HPV16_18_panel8,False,0.76,0.8732908385745722,True,0.31419688,0.094994,True,True,True
YRHPWAPWSQ,0,EBV,EBV_B95_8_panel8,False,0.605,0.1538629419053486,True,0.32370248,0.022502,False,False,False
YRHYCYSL,1,HPV16,HPV16_18_panel8,False,0.605,0.0423668308974679,True,0.2262935,0.039234,True,True,True
YRSGIIAVV,1,EBV,EBV_B95_8_panel8,False,0.83,0.9647411463289212,True,0.18134154,0.142381,False,False,False
YRTATLRTLT,0,EBV,EBV_B95_8_panel8,False,0.63,0.0120303745160835,True,0.19034939,0.019126,False,False,False
YSKNKVWEV,1,HPV16,HPV16_18_panel8,False,0.775,0.8854609343347345,True,0.22340475,0.158063,False,False,False
YSLYGTTLEQ,1,HPV16,HPV16_18_panel8,False,0.705,0.005148753074406,True,0.09345771,0.014262,False,False,False
YTDHQTTPT,0,EBV,EBV_B95_8_panel8,False,0.73,0.1622543490883024,True,0.3391298,0.054299,True,True,True
YVHEGIRTY,1,HPV16,HPV16_18_panel8,False,0.805,0.9853747725250124,True,0.080213815,0.138744,True,True,True
YVLDHLIVV,1,EBV,EBV_B95_8_panel8,True,,0.9944620919846486,False,0.15902257,0.296412,False,False,False
YYHAGTSRL,1,HPV16,HPV16_18_panel8,False,0.595,0.9378505570450544,True,0.33508983,0.103582,False,False,False
YYVHEGIRTY,1,HPV16,HPV16_18_panel8,False,0.74,0.8606509588692235,True,0.0963171,0.044269,True,True,True
