epitope,HLA_allele,protein_seq,protein_name
AAFDRKSDAK,HLA-A*02:01,GGGGGGGGGGGGGGGGGGGGGGGGGAAFDRKSDAKGGGGGGGGGGGGGGGGGGGGGGGGG,SYNTH_AAFDRKSDAK
AAFDRKSDAK,HLA-A*01:01,GGGGGGGGGGGGGGGGGGGGGGGGGAAFDRKSDAKGGGGGGGGGGGGGGGGGGGGGGGGG,SYNTH_AAFDRKSDAK
AAFDRKSDAK,HLA-A*03:01,GGGGGGGGGGGGGGGGGGGGGGGGGAAFDRKSDAKGGGGGGGGGGGGGGGGGGGGGGGGG,SYNTH_AAFDRKSDAK
AAFDRKSDAK,HLA-A*24:02,GGGGGGGGGGGGGGGGGGGGGGGGGAAFDRKSDAKGGGGGGGGGGGGGGGGGGGGGGGGG,SYNTH_AAFDRKSDAK
AAFDRKSDAK,HLA-A*11:01,GGGGGGGGGGGGGGGGGGGGGGGGGAAFDRKSDAKGGGGGGGGGGGGGGGGGGGGGGGGG,SYNTH_AAFDRKSDAK
AAFDRKSDAK,HLA-B*07:02,GGGGGGGGGGGGGGGGGGGGGGGGGAAFDRKSDAKGGGGGGGGGGGGGGGGGGGGGGGGG,SYNTH_AAFDRKSDAK
AAFDRKSDAK,HLA-B*08:01,GGGGGGGGGGGGGGGGGGGGGGGGGAAFDRKSDAKGGGGGGGGGGGGGGGGGGGGGGGGG,SYNTH_AAFDRKSDAK
AAFDRKSDAK,HLA-B*27:05,GGGGGGGGGGGGGGGGGGGGGGGGGAAFDRKSDAKGGGGGGGGGGGGGGGGGGGGGGGGG,SYNTH_AAFDRKSDAK
AAFDRKSDAK,HLA-B*35:01,GGGGGGGGGGGGGGGGGGGGGGGGGAAFDRKSDAKGGGGGGGGGGGGGGGGGGGGGGGGG,SYNTH_AAFDRKSDAK
AAFDRKSDAK,HLA-B*44:02,GGGGGGGGGGGGGGGGGGGGGGGGGAAFDRKSDAKGGGGGGGGGGGGGGGGGGGGGGGGG,SYNTH_AAFDRKSDAK
AARDRFPGL,HLA-A*02:01,MTRRRVLSVVVLLAALACRLGAQTPEQPAPPATTVQPTATRQQTSFPFRVCELSSHGDLFRFSSDIQCPSFGTRENHTEGLLMVFKDNIIPYSFKVRSYTKIVTNILIYNGWYADSVTNRHEEKFSVDSYETDQMDTIYQCYNAVKMTKDGLTRVYVDRDGVNITVNLKPTGGLANGVRRYASQTELYDAPGWLIWTYRTRTTVNCLITDMMAKSNSPFDFFVTTTGQTVEMSPFYDGKNKETFHERADSFHVRTNYKIVDYDNRGTNPQGERRAFLDKGTYTLSWKLENRTAYCPLQHWQTFDSTIATETGKSIHFVTDEGTSSFVTNTTVGIELPDAFKCIEEQVNKTMHEKYEAVQDRYTKGQEAITYFITSGGLLLAWLPLTPRSLATVKNLTELTTPTSSPPSSPSPPAPPAARGSTSAAVLRRRRRDAGNATTPVPPAAPGKSLGTLNNPATVQIQFAYDSLRRQINRMLGDLARAWCLEQKRQNMVLRELTKINPTTVMSSIYGKAVAAKRLGDVISVSQCVPVNQATVTLRKSMRVPGSETMCYSRPLVSFSFINDTKTYEGQLGTDNEIFLTKKMTEVCQATSQYYFQSGNEIHVYNDYHHFKTIELDGIATLQTFISLNTSLIENIDFASLELYSRDEQRASNVFDLEGIFREYNFQAQNIAGLRKDLDNAVSNGRNQFVDGLGELMDSLGSVGQSITNLVSTVGGLFSSLVSGFISFFKNPFGGMLILVLVAGVVILVISLTRRTRQMSQQPVQMLYPGIDELAQQHASGEGPGINPISKTELQAIMLALHEQNQEQKRAAQRAAGPSVASRALQAARDRFPGLRRRRYHDPETAAALLGEAETEF,GB_EBVG
AARDRFPGL,HLA-A*01:01,MTRRRVLSVVVLLAALACRLGAQTPEQPAPPATTVQPTATRQQTSFPFRVCELSSHGDLFRFSSDIQCPSFGTRENHTEGLLMVFKDNIIPYSFKVRSYTKIVTNILIYNGWYADSVTNRHEEKFSVDSYETDQMDTIYQCYNAVKMTKDGLTRVYVDRDGVNITVNLKPTGGLANGVRRYASQTELYDAPGWLIWTYRTRTTVNCLITDMMAKSNSPFDFFVTTTGQTVEMSPFYDGKNKETFHERADSFHVRTNYKIVDYDNRGTNPQGERRAFLDKGTYTLSWKLENRTAYCPLQHWQTFDSTIATETGKSIHFVTDEGTSSFVTNTTVGIELPDAFKCIEEQVNKTMHEKYEAVQDRYTKGQEAITYFITSGGLLLAWLPLTPRSLATVKNLTELTTPTSSPPSSPSPPAPPAARGSTSAAVLRRRRRDAGNATTPVPPAAPGKSLGTLNNPATVQIQFAYDSLRRQINRMLGDLARAWCLEQKRQNMVLRELTKINPTTVMSSIYGKAVAAKRLGDVISVSQCVPVNQATVTLRKSMRVPGSETMCYSRPLVSFSFINDTKTYEGQLGTDNEIFLTKKMTEVCQATSQYYFQSGNEIHVYNDYHHFKTIELDGIATLQTFISLNTSLIENIDFASLELYSRDEQRASNVFDLEGIFREYNFQAQNIAGLRKDLDNAVSNGRNQFVDGLGELMDSLGSVGQSITNLVSTVGGLFSSLVSGFISFFKNPFGGMLILVLVAGVVILVISLTRRTRQMSQQPVQMLYPGIDELAQQHASGEGPGINPISKTELQAIMLALHEQNQEQKRAAQRAAGPSVASRALQAARDRFPGLRRRRYHDPETAAALLGEAETEF,GB_EBVG
AARDRFPGL,HLA-A*03:01,MTRRRVLSVVVLLAALACRLGAQTPEQPAPPATTVQPTATRQQTSFPFRVCELSSHGDLFRFSSDIQCPSFGTRENHTEGLLMVFKDNIIPYSFKVRSYTKIVTNILIYNGWYADSVTNRHEEKFSVDSYETDQMDTIYQCYNAVKMTKDGLTRVYVDRDGVNITVNLKPTGGLANGVRRYASQTELYDAPGWLIWTYRTRTTVNCLITDMMAKSNSPFDFFVTTTGQTVEMSPFYDGKNKETFHERADSFHVRTNYKIVDYDNRGTNPQGERRAFLDKGTYTLSWKLENRTAYCPLQHWQTFDSTIATETGKSIHFVTDEGTSSFVTNTTVGIELPDAFKCIEEQVNKTMHEKYEAVQDRYTKGQEAITYFITSGGLLLAWLPLTPRSLATVKNLTELTTPTSSPPSSPSPPAPPAARGSTSAAVLRRRRRDAGNATTPVPPAAPGKSLGTLNNPATVQIQFAYDSLRRQINRMLGDLARAWCLEQKRQNMVLRELTKINPTTVMSSIYGKAVAAKRLGDVISVSQCVPVNQATVTLRKSMRVPGSETMCYSRPLVSFSFINDTKTYEGQLGTDNEIFLTKKMTEVCQATSQYYFQSGNEIHVYNDYHHFKTIELDGIATLQTFISLNTSLIENIDFASLELYSRDEQRASNVFDLEGIFREYNFQAQNIAGLRKDLDNAVSNGRNQFVDGLGELMDSLGSVGQSITNLVSTVGGLFSSLVSGFISFFKNPFGGMLILVLVAGVVILVISLTRRTRQMSQQPVQMLYPGIDELAQQHASGEGPGINPISKTELQAIMLALHEQNQEQKRAAQRAAGPSVASRALQAARDRFPGLRRRRYHDPETAAALLGEAETEF,GB_EBVG
AARDRFPGL,HLA-A*24:02,MTRRRVLSVVVLLAALACRLGAQTPEQPAPPATTVQPTATRQQTSFPFRVCELSSHGDLFRFSSDIQCPSFGTRENHTEGLLMVFKDNIIPYSFKVRSYTKIVTNILIYNGWYADSVTNRHEEKFSVDSYETDQMDTIYQCYNAVKMTKDGLTRVYVDRDGVNITVNLKPTGGLANGVRRYASQTELYDAPGWLIWTYRTRTTVNCLITDMMAKSNSPFDFFVTTTGQTVEMSPFYDGKNKETFHERADSFHVRTNYKIVDYDNRGTNPQGERRAFLDKGTYTLSWKLENRTAYCPLQHWQTFDSTIATETGKSIHFVTDEGTSSFVTNTTVGIELPDAFKCIEEQVNKTMHEKYEAVQDRYTKGQEAITYFITSGGLLLAWLPLTPRSLATVKNLTELTTPTSSPPSSPSPPAPPAARGSTSAAVLRRRRRDAGNATTPVPPAAPGKSLGTLNNPATVQIQFAYDSLRRQINRMLGDLARAWCLEQKRQNMVLRELTKINPTTVMSSIYGKAVAAKRLGDVISVSQCVPVNQATVTLRKSMRVPGSETMCYSRPLVSFSFINDTKTYEGQLGTDNEIFLTKKMTEVCQATSQYYFQSGNEIHVYNDYHHFKTIELDGIATLQTFISLNTSLIENIDFASLELYSRDEQRASNVFDLEGIFREYNFQAQNIAGLRKDLDNAVSNGRNQFVDGLGELMDSLGSVGQSITNLVSTVGGLFSSLVSGFISFFKNPFGGMLILVLVAGVVILVISLTRRTRQMSQQPVQMLYPGIDELAQQHASGEGPGINPISKTELQAIMLALHEQNQEQKRAAQRAAGPSVASRALQAARDRFPGLRRRRYHDPETAAALLGEAETEF,GB_EBVG
AARDRFPGL,HLA-A*11:01,MTRRRVLSVVVLLAALACRLGAQTPEQPAPPATTVQPTATRQQTSFPFRVCELSSHGDLFRFSSDIQCPSFGTRENHTEGLLMVFKDNIIPYSFKVRSYTKIVTNILIYNGWYADSVTNRHEEKFSVDSYETDQMDTIYQCYNAVKMTKDGLTRVYVDRDGVNITVNLKPTGGLANGVRRYASQTELYDAPGWLIWTYRTRTTVNCLITDMMAKSNSPFDFFVTTTGQTVEMSPFYDGKNKETFHERADSFHVRTNYKIVDYDNRGTNPQGERRAFLDKGTYTLSWKLENRTAYCPLQHWQTFDSTIATETGKSIHFVTDEGTSSFVTNTTVGIELPDAFKCIEEQVNKTMHEKYEAVQDRYTKGQEAITYFITSGGLLLAWLPLTPRSLATVKNLTELTTPTSSPPSSPSPPAPPAARGSTSAAVLRRRRRDAGNATTPVPPAAPGKSLGTLNNPATVQIQFAYDSLRRQINRMLGDLARAWCLEQKRQNMVLRELTKINPTTVMSSIYGKAVAAKRLGDVISVSQCVPVNQATVTLRKSMRVPGSETMCYSRPLVSFSFINDTKTYEGQLGTDNEIFLTKKMTEVCQATSQYYFQSGNEIHVYNDYHHFKTIELDGIATLQTFISLNTSLIENIDFASLELYSRDEQRASNVFDLEGIFREYNFQAQNIAGLRKDLDNAVSNGRNQFVDGLGELMDSLGSVGQSITNLVSTVGGLFSSLVSGFISFFKNPFGGMLILVLVAGVVILVISLTRRTRQMSQQPVQMLYPGIDELAQQHASGEGPGINPISKTELQAIMLALHEQNQEQKRAAQRAAGPSVASRALQAARDRFPGLRRRRYHDPETAAALLGEAETEF,GB_EBVG
AARDRFPGL,HLA-B*07:02,MTRRRVLSVVVLLAALACRLGAQTPEQPAPPATTVQPTATRQQTSFPFRVCELSSHGDLFRFSSDIQCPSFGTRENHTEGLLMVFKDNIIPYSFKVRSYTKIVTNILIYNGWYADSVTNRHEEKFSVDSYETDQMDTIYQCYNAVKMTKDGLTRVYVDRDGVNITVNLKPTGGLANGVRRYASQTELYDAPGWLIWTYRTRTTVNCLITDMMAKSNSPFDFFVTTTGQTVEMSPFYDGKNKETFHERADSFHVRTNYKIVDYDNRGTNPQGERRAFLDKGTYTLSWKLENRTAYCPLQHWQTFDSTIATETGKSIHFVTDEGTSSFVTNTTVGIELPDAFKCIEEQVNKTMHEKYEAVQDRYTKGQEAITYFITSGGLLLAWLPLTPRSLATVKNLTELTTPTSSPPSSPSPPAPPAARGSTSAAVLRRRRRDAGNATTPVPPAAPGKSLGTLNNPATVQIQFAYDSLRRQINRMLGDLARAWCLEQKRQNMVLRELTKINPTTVMSSIYGKAVAAKRLGDVISVSQCVPVNQATVTLRKSMRVPGSETMCYSRPLVSFSFINDTKTYEGQLGTDNEIFLTKKMTEVCQATSQYYFQSGNEIHVYNDYHHFKTIELDGIATLQTFISLNTSLIENIDFASLELYSRDEQRASNVFDLEGIFREYNFQAQNIAGLRKDLDNAVSNGRNQFVDGLGELMDSLGSVGQSITNLVSTVGGLFSSLVSGFISFFKNPFGGMLILVLVAGVVILVISLTRRTRQMSQQPVQMLYPGIDELAQQHASGEGPGINPISKTELQAIMLALHEQNQEQKRAAQRAAGPSVASRALQAARDRFPGLRRRRYHDPETAAALLGEAETEF,GB_EBVG
AARDRFPGL,HLA-B*08:01,MTRRRVLSVVVLLAALACRLGAQTPEQPAPPATTVQPTATRQQTSFPFRVCELSSHGDLFRFSSDIQCPSFGTRENHTEGLLMVFKDNIIPYSFKVRSYTKIVTNILIYNGWYADSVTNRHEEKFSVDSYETDQMDTIYQCYNAVKMTKDGLTRVYVDRDGVNITVNLKPTGGLANGVRRYASQTELYDAPGWLIWTYRTRTTVNCLITDMMAKSNSPFDFFVTTTGQTVEMSPFYDGKNKETFHERADSFHVRTNYKIVDYDNRGTNPQGERRAFLDKGTYTLSWKLENRTAYCPLQHWQTFDSTIATETGKSIHFVTDEGTSSFVTNTTVGIELPDAFKCIEEQVNKTMHEKYEAVQDRYTKGQEAITYFITSGGLLLAWLPLTPRSLATVKNLTELTTPTSSPPSSPSPPAPPAARGSTSAAVLRRRRRDAGNATTPVPPAAPGKSLGTLNNPATVQIQFAYDSLRRQINRMLGDLARAWCLEQKRQNMVLRELTKINPTTVMSSIYGKAVAAKRLGDVISVSQCVPVNQATVTLRKSMRVPGSETMCYSRPLVSFSFINDTKTYEGQLGTDNEIFLTKKMTEVCQATSQYYFQSGNEIHVYNDYHHFKTIELDGIATLQTFISLNTSLIENIDFASLELYSRDEQRASNVFDLEGIFREYNFQAQNIAGLRKDLDNAVSNGRNQFVDGLGELMDSLGSVGQSITNLVSTVGGLFSSLVSGFISFFKNPFGGMLILVLVAGVVILVISLTRRTRQMSQQPVQMLYPGIDELAQQHASGEGPGINPISKTELQAIMLALHEQNQEQKRAAQRAAGPSVASRALQAARDRFPGLRRRRYHDPETAAALLGEAETEF,GB_EBVG
AARDRFPGL,HLA-B*27:05,MTRRRVLSVVVLLAALACRLGAQTPEQPAPPATTVQPTATRQQTSFPFRVCELSSHGDLFRFSSDIQCPSFGTRENHTEGLLMVFKDNIIPYSFKVRSYTKIVTNILIYNGWYADSVTNRHEEKFSVDSYETDQMDTIYQCYNAVKMTKDGLTRVYVDRDGVNITVNLKPTGGLANGVRRYASQTELYDAPGWLIWTYRTRTTVNCLITDMMAKSNSPFDFFVTTTGQTVEMSPFYDGKNKETFHERADSFHVRTNYKIVDYDNRGTNPQGERRAFLDKGTYTLSWKLENRTAYCPLQHWQTFDSTIATETGKSIHFVTDEGTSSFVTNTTVGIELPDAFKCIEEQVNKTMHEKYEAVQDRYTKGQEAITYFITSGGLLLAWLPLTPRSLATVKNLTELTTPTSSPPSSPSPPAPPAARGSTSAAVLRRRRRDAGNATTPVPPAAPGKSLGTLNNPATVQIQFAYDSLRRQINRMLGDLARAWCLEQKRQNMVLRELTKINPTTVMSSIYGKAVAAKRLGDVISVSQCVPVNQATVTLRKSMRVPGSETMCYSRPLVSFSFINDTKTYEGQLGTDNEIFLTKKMTEVCQATSQYYFQSGNEIHVYNDYHHFKTIELDGIATLQTFISLNTSLIENIDFASLELYSRDEQRASNVFDLEGIFREYNFQAQNIAGLRKDLDNAVSNGRNQFVDGLGELMDSLGSVGQSITNLVSTVGGLFSSLVSGFISFFKNPFGGMLILVLVAGVVILVISLTRRTRQMSQQPVQMLYPGIDELAQQHASGEGPGINPISKTELQAIMLALHEQNQEQKRAAQRAAGPSVASRALQAARDRFPGLRRRRYHDPETAAALLGEAETEF,GB_EBVG
AARDRFPGL,HLA-B*35:01,MTRRRVLSVVVLLAALACRLGAQTPEQPAPPATTVQPTATRQQTSFPFRVCELSSHGDLFRFSSDIQCPSFGTRENHTEGLLMVFKDNIIPYSFKVRSYTKIVTNILIYNGWYADSVTNRHEEKFSVDSYETDQMDTIYQCYNAVKMTKDGLTRVYVDRDGVNITVNLKPTGGLANGVRRYASQTELYDAPGWLIWTYRTRTTVNCLITDMMAKSNSPFDFFVTTTGQTVEMSPFYDGKNKETFHERADSFHVRTNYKIVDYDNRGTNPQGERRAFLDKGTYTLSWKLENRTAYCPLQHWQTFDSTIATETGKSIHFVTDEGTSSFVTNTTVGIELPDAFKCIEEQVNKTMHEKYEAVQDRYTKGQEAITYFITSGGLLLAWLPLTPRSLATVKNLTELTTPTSSPPSSPSPPAPPAARGSTSAAVLRRRRRDAGNATTPVPPAAPGKSLGTLNNPATVQIQFAYDSLRRQINRMLGDLARAWCLEQKRQNMVLRELTKINPTTVMSSIYGKAVAAKRLGDVISVSQCVPVNQATVTLRKSMRVPGSETMCYSRPLVSFSFINDTKTYEGQLGTDNEIFLTKKMTEVCQATSQYYFQSGNEIHVYNDYHHFKTIELDGIATLQTFISLNTSLIENIDFASLELYSRDEQRASNVFDLEGIFREYNFQAQNIAGLRKDLDNAVSNGRNQFVDGLGELMDSLGSVGQSITNLVSTVGGLFSSLVSGFISFFKNPFGGMLILVLVAGVVILVISLTRRTRQMSQQPVQMLYPGIDELAQQHASGEGPGINPISKTELQAIMLALHEQNQEQKRAAQRAAGPSVASRALQAARDRFPGLRRRRYHDPETAAALLGEAETEF,GB_EBVG
AARDRFPGL,HLA-B*44:02,MTRRRVLSVVVLLAALACRLGAQTPEQPAPPATTVQPTATRQQTSFPFRVCELSSHGDLFRFSSDIQCPSFGTRENHTEGLLMVFKDNIIPYSFKVRSYTKIVTNILIYNGWYADSVTNRHEEKFSVDSYETDQMDTIYQCYNAVKMTKDGLTRVYVDRDGVNITVNLKPTGGLANGVRRYASQTELYDAPGWLIWTYRTRTTVNCLITDMMAKSNSPFDFFVTTTGQTVEMSPFYDGKNKETFHERADSFHVRTNYKIVDYDNRGTNPQGERRAFLDKGTYTLSWKLENRTAYCPLQHWQTFDSTIATETGKSIHFVTDEGTSSFVTNTTVGIELPDAFKCIEEQVNKTMHEKYEAVQDRYTKGQEAITYFITSGGLLLAWLPLTPRSLATVKNLTELTTPTSSPPSSPSPPAPPAARGSTSAAVLRRRRRDAGNATTPVPPAAPGKSLGTLNNPATVQIQFAYDSLRRQINRMLGDLARAWCLEQKRQNMVLRELTKINPTTVMSSIYGKAVAAKRLGDVISVSQCVPVNQATVTLRKSMRVPGSETMCYSRPLVSFSFINDTKTYEGQLGTDNEIFLTKKMTEVCQATSQYYFQSGNEIHVYNDYHHFKTIELDGIATLQTFISLNTSLIENIDFASLELYSRDEQRASNVFDLEGIFREYNFQAQNIAGLRKDLDNAVSNGRNQFVDGLGELMDSLGSVGQSITNLVSTVGGLFSSLVSGFISFFKNPFGGMLILVLVAGVVILVISLTRRTRQMSQQPVQMLYPGIDELAQQHASGEGPGINPISKTELQAIMLALHEQNQEQKRAAQRAAGPSVASRALQAARDRFPGLRRRRYHDPETAAALLGEAETEF,GB_EBVG
AARQRLQDI,HLA-A*02:01,MESFEGQGDSRQSPDNERGDNVQTTGEHDQDPGPGPPSSGASERLVPEESYSRDQQPWGQSRGDENRGWMQRIRRRRRRRAALSGHLLDTEDNVPPWLPPHDIAPYVARNIRDAACRAVKQSHLQALSNLILDSGLDTQHILCFVMAARQRLQDIRRGPLVVEGGVGWRHWLLTSPSQSWPMGYRTATLRTLTPVPNRVGADSIMLTATFGCQNAARTLNTFSATVWTPPHAGPREQERYAREAEVRFLRGKWQRRYRRIYDLIELCGSLHHIWQNLLQTEENLLDFVRFMGVMSSCNNPAVNYWFHKTIGNFKPYYPWNAPPNENPYHARRGIKEHVIQNAFRKAQIQGLSMLATVGEPRGDATSETSSDEDTGRQGSDVELESSDDELPYIDPNMEPVQQRPVMFVSRVPAKKPRKLPWPTPKTHPVKRTNVKTSDRSDKAEAQSTPERPGPSEQSSVTVEPAHPTPVEMPMVILHQPPPVPKPVPVKPTPPPSRRRRGACVVYDDDVIEVIDVETTEDSSSVSQPNKPHRKHQDGFQRSGRRQKRAAPPTVSPSDTGPPAAGPPAAGPPAAGPHILTPPSARPRIMAPPVVRMFMRERQLPQSTGRKPQCFWEMRASREITQMQQEPSSHLQSATQPTMPRPSWVPSVCALSVMDAGKAQPIQSSHLSSMSPTQPISHEEQPRYEDPDAPLDLSLHPDVAAPPAPRAPYQGYQEQPAPQAPYQGYQEQPAPQAPYQGYQEQPAPQAPYQGYQEQPAPQAPYQGYQEQPPPQAPYQGYQEQPAPQAPYQGYQEPPAHGLQSSSYPGYAGPWTPRSQHPCYRHPWAPWSQDPVHGHTQGPWDPRAPHLPPQWDGSAGHGQDQVSQFPHLQSETGPPRLQLSSVPLVSSSAPSWSSPQPRAPIRPIPTRFPPPPMPLQDSMAVGCDSSGTACPSMPFASDYSQGAFTPLDINATTPKRPRVEESSHGPARCSQATAEAQEILSDNSEISVFPKDAKQTDYDASTESELD,EBNA6_EBVG
AARQRLQDI,HLA-A*01:01,MESFEGQGDSRQSPDNERGDNVQTTGEHDQDPGPGPPSSGASERLVPEESYSRDQQPWGQSRGDENRGWMQRIRRRRRRRAALSGHLLDTEDNVPPWLPPHDIAPYVARNIRDAACRAVKQSHLQALSNLILDSGLDTQHILCFVMAARQRLQDIRRGPLVVEGGVGWRHWLLTSPSQSWPMGYRTATLRTLTPVPNRVGADSIMLTATFGCQNAARTLNTFSATVWTPPHAGPREQERYAREAEVRFLRGKWQRRYRRIYDLIELCGSLHHIWQNLLQTEENLLDFVRFMGVMSSCNNPAVNYWFHKTIGNFKPYYPWNAPPNENPYHARRGIKEHVIQNAFRKAQIQGLSMLATVGEPRGDATSETSSDEDTGRQGSDVELESSDDELPYIDPNMEPVQQRPVMFVSRVPAKKPRKLPWPTPKTHPVKRTNVKTSDRSDKAEAQSTPERPGPSEQSSVTVEPAHPTPVEMPMVILHQPPPVPKPVPVKPTPPPSRRRRGACVVYDDDVIEVIDVETTEDSSSVSQPNKPHRKHQDGFQRSGRRQKRAAPPTVSPSDTGPPAAGPPAAGPPAAGPHILTPPSARPRIMAPPVVRMFMRERQLPQSTGRKPQCFWEMRASREITQMQQEPSSHLQSATQPTMPRPSWVPSVCALSVMDAGKAQPIQSSHLSSMSPTQPISHEEQPRYEDPDAPLDLSLHPDVAAPPAPRAPYQGYQEQPAPQAPYQGYQEQPAPQAPYQGYQEQPAPQAPYQGYQEQPAPQAPYQGYQEQPPPQAPYQGYQEQPAPQAPYQGYQEPPAHGLQSSSYPGYAGPWTPRSQHPCYRHPWAPWSQDPVHGHTQGPWDPRAPHLPPQWDGSAGHGQDQVSQFPHLQSETGPPRLQLSSVPLVSSSAPSWSSPQPRAPIRPIPTRFPPPPMPLQDSMAVGCDSSGTACPSMPFASDYSQGAFTPLDINATTPKRPRVEESSHGPARCSQATAEAQEILSDNSEISVFPKDAKQTDYDASTESELD,EBNA6_EBVG
AARQRLQDI,HLA-A*03:01,MESFEGQGDSRQSPDNERGDNVQTTGEHDQDPGPGPPSSGASERLVPEESYSRDQQPWGQSRGDENRGWMQRIRRRRRRRAALSGHLLDTEDNVPPWLPPHDIAPYVARNIRDAACRAVKQSHLQALSNLILDSGLDTQHILCFVMAARQRLQDIRRGPLVVEGGVGWRHWLLTSPSQSWPMGYRTATLRTLTPVPNRVGADSIMLTATFGCQNAARTLNTFSATVWTPPHAGPREQERYAREAEVRFLRGKWQRRYRRIYDLIELCGSLHHIWQNLLQTEENLLDFVRFMGVMSSCNNPAVNYWFHKTIGNFKPYYPWNAPPNENPYHARRGIKEHVIQNAFRKAQIQGLSMLATVGEPRGDATSETSSDEDTGRQGSDVELESSDDELPYIDPNMEPVQQRPVMFVSRVPAKKPRKLPWPTPKTHPVKRTNVKTSDRSDKAEAQSTPERPGPSEQSSVTVEPAHPTPVEMPMVILHQPPPVPKPVPVKPTPPPSRRRRGACVVYDDDVIEVIDVETTEDSSSVSQPNKPHRKHQDGFQRSGRRQKRAAPPTVSPSDTGPPAAGPPAAGPPAAGPHILTPPSARPRIMAPPVVRMFMRERQLPQSTGRKPQCFWEMRASREITQMQQEPSSHLQSATQPTMPRPSWVPSVCALSVMDAGKAQPIQSSHLSSMSPTQPISHEEQPRYEDPDAPLDLSLHPDVAAPPAPRAPYQGYQEQPAPQAPYQGYQEQPAPQAPYQGYQEQPAPQAPYQGYQEQPAPQAPYQGYQEQPPPQAPYQGYQEQPAPQAPYQGYQEPPAHGLQSSSYPGYAGPWTPRSQHPCYRHPWAPWSQDPVHGHTQGPWDPRAPHLPPQWDGSAGHGQDQVSQFPHLQSETGPPRLQLSSVPLVSSSAPSWSSPQPRAPIRPIPTRFPPPPMPLQDSMAVGCDSSGTACPSMPFASDYSQGAFTPLDINATTPKRPRVEESSHGPARCSQATAEAQEILSDNSEISVFPKDAKQTDYDASTESELD,EBNA6_EBVG
AARQRLQDI,HLA-A*24:02,MESFEGQGDSRQSPDNERGDNVQTTGEHDQDPGPGPPSSGASERLVPEESYSRDQQPWGQSRGDENRGWMQRIRRRRRRRAALSGHLLDTEDNVPPWLPPHDIAPYVARNIRDAACRAVKQSHLQALSNLILDSGLDTQHILCFVMAARQRLQDIRRGPLVVEGGVGWRHWLLTSPSQSWPMGYRTATLRTLTPVPNRVGADSIMLTATFGCQNAARTLNTFSATVWTPPHAGPREQERYAREAEVRFLRGKWQRRYRRIYDLIELCGSLHHIWQNLLQTEENLLDFVRFMGVMSSCNNPAVNYWFHKTIGNFKPYYPWNAPPNENPYHARRGIKEHVIQNAFRKAQIQGLSMLATVGEPRGDATSETSSDEDTGRQGSDVELESSDDELPYIDPNMEPVQQRPVMFVSRVPAKKPRKLPWPTPKTHPVKRTNVKTSDRSDKAEAQSTPERPGPSEQSSVTVEPAHPTPVEMPMVILHQPPPVPKPVPVKPTPPPSRRRRGACVVYDDDVIEVIDVETTEDSSSVSQPNKPHRKHQDGFQRSGRRQKRAAPPTVSPSDTGPPAAGPPAAGPPAAGPHILTPPSARPRIMAPPVVRMFMRERQLPQSTGRKPQCFWEMRASREITQMQQEPSSHLQSATQPTMPRPSWVPSVCALSVMDAGKAQPIQSSHLSSMSPTQPISHEEQPRYEDPDAPLDLSLHPDVAAPPAPRAPYQGYQEQPAPQAPYQGYQEQPAPQAPYQGYQEQPAPQAPYQGYQEQPAPQAPYQGYQEQPPPQAPYQGYQEQPAPQAPYQGYQEPPAHGLQSSSYPGYAGPWTPRSQHPCYRHPWAPWSQDPVHGHTQGPWDPRAPHLPPQWDGSAGHGQDQVSQFPHLQSETGPPRLQLSSVPLVSSSAPSWSSPQPRAPIRPIPTRFPPPPMPLQDSMAVGCDSSGTACPSMPFASDYSQGAFTPLDINATTPKRPRVEESSHGPARCSQATAEAQEILSDNSEISVFPKDAKQTDYDASTESELD,EBNA6_EBVG
AARQRLQDI,HLA-A*11:01,MESFEGQGDSRQSPDNERGDNVQTTGEHDQDPGPGPPSSGASERLVPEESYSRDQQPWGQSRGDENRGWMQRIRRRRRRRAALSGHLLDTEDNVPPWLPPHDIAPYVARNIRDAACRAVKQSHLQALSNLILDSGLDTQHILCFVMAARQRLQDIRRGPLVVEGGVGWRHWLLTSPSQSWPMGYRTATLRTLTPVPNRVGADSIMLTATFGCQNAARTLNTFSATVWTPPHAGPREQERYAREAEVRFLRGKWQRRYRRIYDLIELCGSLHHIWQNLLQTEENLLDFVRFMGVMSSCNNPAVNYWFHKTIGNFKPYYPWNAPPNENPYHARRGIKEHVIQNAFRKAQIQGLSMLATVGEPRGDATSETSSDEDTGRQGSDVELESSDDELPYIDPNMEPVQQRPVMFVSRVPAKKPRKLPWPTPKTHPVKRTNVKTSDRSDKAEAQSTPERPGPSEQSSVTVEPAHPTPVEMPMVILHQPPPVPKPVPVKPTPPPSRRRRGACVVYDDDVIEVIDVETTEDSSSVSQPNKPHRKHQDGFQRSGRRQKRAAPPTVSPSDTGPPAAGPPAAGPPAAGPHILTPPSARPRIMAPPVVRMFMRERQLPQSTGRKPQCFWEMRASREITQMQQEPSSHLQSATQPTMPRPSWVPSVCALSVMDAGKAQPIQSSHLSSMSPTQPISHEEQPRYEDPDAPLDLSLHPDVAAPPAPRAPYQGYQEQPAPQAPYQGYQEQPAPQAPYQGYQEQPAPQAPYQGYQEQPAPQAPYQGYQEQPPPQAPYQGYQEQPAPQAPYQGYQEPPAHGLQSSSYPGYAGPWTPRSQHPCYRHPWAPWSQDPVHGHTQGPWDPRAPHLPPQWDGSAGHGQDQVSQFPHLQSETGPPRLQLSSVPLVSSSAPSWSSPQPRAPIRPIPTRFPPPPMPLQDSMAVGCDSSGTACPSMPFASDYSQGAFTPLDINATTPKRPRVEESSHGPARCSQATAEAQEILSDNSEISVFPKDAKQTDYDASTESELD,EBNA6_EBVG
AARQRLQDI,HLA-B*07:02,MESFEGQGDSRQSPDNERGDNVQTTGEHDQDPGPGPPSSGASERLVPEESYSRDQQPWGQSRGDENRGWMQRIRRRRRRRAALSGHLLDTEDNVPPWLPPHDIAPYVARNIRDAACRAVKQSHLQALSNLILDSGLDTQHILCFVMAARQRLQDIRRGPLVVEGGVGWRHWLLTSPSQSWPMGYRTATLRTLTPVPNRVGADSIMLTATFGCQNAARTLNTFSATVWTPPHAGPREQERYAREAEVRFLRGKWQRRYRRIYDLIELCGSLHHIWQNLLQTEENLLDFVRFMGVMSSCNNPAVNYWFHKTIGNFKPYYPWNAPPNENPYHARRGIKEHVIQNAFRKAQIQGLSMLATVGEPRGDATSETSSDEDTGRQGSDVELESSDDELPYIDPNMEPVQQRPVMFVSRVPAKKPRKLPWPTPKTHPVKRTNVKTSDRSDKAEAQSTPERPGPSEQSSVTVEPAHPTPVEMPMVILHQPPPVPKPVPVKPTPPPSRRRRGACVVYDDDVIEVIDVETTEDSSSVSQPNKPHRKHQDGFQRSGRRQKRAAPPTVSPSDTGPPAAGPPAAGPPAAGPHILTPPSARPRIMAPPVVRMFMRERQLPQSTGRKPQCFWEMRASREITQMQQEPSSHLQSATQPTMPRPSWVPSVCALSVMDAGKAQPIQSSHLSSMSPTQPISHEEQPRYEDPDAPLDLSLHPDVAAPPAPRAPYQGYQEQPAPQAPYQGYQEQPAPQAPYQGYQEQPAPQAPYQGYQEQPAPQAPYQGYQEQPPPQAPYQGYQEQPAPQAPYQGYQEPPAHGLQSSSYPGYAGPWTPRSQHPCYRHPWAPWSQDPVHGHTQGPWDPRAPHLPPQWDGSAGHGQDQVSQFPHLQSETGPPRLQLSSVPLVSSSAPSWSSPQPRAPIRPIPTRFPPPPMPLQDSMAVGCDSSGTACPSMPFASDYSQGAFTPLDINATTPKRPRVEESSHGPARCSQATAEAQEILSDNSEISVFPKDAKQTDYDASTESELD,EBNA6_EBVG
AARQRLQDI,HLA-B*08:01,MESFEGQGDSRQSPDNERGDNVQTTGEHDQDPGPGPPSSGASERLVPEESYSRDQQPWGQSRGDENRGWMQRIRRRRRRRAALSGHLLDTEDNVPPWLPPHDIAPYVARNIRDAACRAVKQSHLQALSNLILDSGLDTQHILCFVMAARQRLQDIRRGPLVVEGGVGWRHWLLTSPSQSWPMGYRTATLRTLTPVPNRVGADSIMLTATFGCQNAARTLNTFSATVWTPPHAGPREQERYAREAEVRFLRGKWQRRYRRIYDLIELCGSLHHIWQNLLQTEENLLDFVRFMGVMSSCNNPAVNYWFHKTIGNFKPYYPWNAPPNENPYHARRGIKEHVIQNAFRKAQIQGLSMLATVGEPRGDATSETSSDEDTGRQGSDVELESSDDELPYIDPNMEPVQQRPVMFVSRVPAKKPRKLPWPTPKTHPVKRTNVKTSDRSDKAEAQSTPERPGPSEQSSVTVEPAHPTPVEMPMVILHQPPPVPKPVPVKPTPPPSRRRRGACVVYDDDVIEVIDVETTEDSSSVSQPNKPHRKHQDGFQRSGRRQKRAAPPTVSPSDTGPPAAGPPAAGPPAAGPHILTPPSARPRIMAPPVVRMFMRERQLPQSTGRKPQCFWEMRASREITQMQQEPSSHLQSATQPTMPRPSWVPSVCALSVMDAGKAQPIQSSHLSSMSPTQPISHEEQPRYEDPDAPLDLSLHPDVAAPPAPRAPYQGYQEQPAPQAPYQGYQEQPAPQAPYQGYQEQPAPQAPYQGYQEQPAPQAPYQGYQEQPPPQAPYQGYQEQPAPQAPYQGYQEPPAHGLQSSSYPGYAGPWTPRSQHPCYRHPWAPWSQDPVHGHTQGPWDPRAPHLPPQWDGSAGHGQDQVSQFPHLQSETGPPRLQLSSVPLVSSSAPSWSSPQPRAPIRPIPTRFPPPPMPLQDSMAVGCDSSGTACPSMPFASDYSQGAFTPLDINATTPKRPRVEESSHGPARCSQATAEAQEILSDNSEISVFPKDAKQTDYDASTESELD,EBNA6_EBVG
AARQRLQDI,HLA-B*27:05,MESFEGQGDSRQSPDNERGDNVQTTGEHDQDPGPGPPSSGASERLVPEESYSRDQQPWGQSRGDENRGWMQRIRRRRRRRAALSGHLLDTEDNVPPWLPPHDIAPYVARNIRDAACRAVKQSHLQALSNLILDSGLDTQHILCFVMAARQRLQDIRRGPLVVEGGVGWRHWLLTSPSQSWPMGYRTATLRTLTPVPNRVGADSIMLTATFGCQNAARTLNTFSATVWTPPHAGPREQERYAREAEVRFLRGKWQRRYRRIYDLIELCGSLHHIWQNLLQTEENLLDFVRFMGVMSSCNNPAVNYWFHKTIGNFKPYYPWNAPPNENPYHARRGIKEHVIQNAFRKAQIQGLSMLATVGEPRGDATSETSSDEDTGRQGSDVELESSDDELPYIDPNMEPVQQRPVMFVSRVPAKKPRKLPWPTPKTHPVKRTNVKTSDRSDKAEAQSTPERPGPSEQSSVTVEPAHPTPVEMPMVILHQPPPVPKPVPVKPTPPPSRRRRGACVVYDDDVIEVIDVETTEDSSSVSQPNKPHRKHQDGFQRSGRRQKRAAPPTVSPSDTGPPAAGPPAAGPPAAGPHILTPPSARPRIMAPPVVRMFMRERQLPQSTGRKPQCFWEMRASREITQMQQEPSSHLQSATQPTMPRPSWVPSVCALSVMDAGKAQPIQSSHLSSMSPTQPISHEEQPRYEDPDAPLDLSLHPDVAAPPAPRAPYQGYQEQPAPQAPYQGYQEQPAPQAPYQGYQEQPAPQAPYQGYQEQPAPQAPYQGYQEQPPPQAPYQGYQEQPAPQAPYQGYQEPPAHGLQSSSYPGYAGPWTPRSQHPCYRHPWAPWSQDPVHGHTQGPWDPRAPHLPPQWDGSAGHGQDQVSQFPHLQSETGPPRLQLSSVPLVSSSAPSWSSPQPRAPIRPIPTRFPPPPMPLQDSMAVGCDSSGTACPSMPFASDYSQGAFTPLDINATTPKRPRVEESSHGPARCSQATAEAQEILSDNSEISVFPKDAKQTDYDASTESELD,EBNA6_EBVG
AARQRLQDI,HLA-B*35:01,MESFEGQGDSRQSPDNERGDNVQTTGEHDQDPGPGPPSSGASERLVPEESYSRDQQPWGQSRGDENRGWMQRIRRRRRRRAALSGHLLDTEDNVPPWLPPHDIAPYVARNIRDAACRAVKQSHLQALSNLILDSGLDTQHILCFVMAARQRLQDIRRGPLVVEGGVGWRHWLLTSPSQSWPMGYRTATLRTLTPVPNRVGADSIMLTATFGCQNAARTLNTFSATVWTPPHAGPREQERYAREAEVRFLRGKWQRRYRRIYDLIELCGSLHHIWQNLLQTEENLLDFVRFMGVMSSCNNPAVNYWFHKTIGNFKPYYPWNAPPNENPYHARRGIKEHVIQNAFRKAQIQGLSMLATVGEPRGDATSETSSDEDTGRQGSDVELESSDDELPYIDPNMEPVQQRPVMFVSRVPAKKPRKLPWPTPKTHPVKRTNVKTSDRSDKAEAQSTPERPGPSEQSSVTVEPAHPTPVEMPMVILHQPPPVPKPVPVKPTPPPSRRRRGACVVYDDDVIEVIDVETTEDSSSVSQPNKPHRKHQDGFQRSGRRQKRAAPPTVSPSDTGPPAAGPPAAGPPAAGPHILTPPSARPRIMAPPVVRMFMRERQLPQSTGRKPQCFWEMRASREITQMQQEPSSHLQSATQPTMPRPSWVPSVCALSVMDAGKAQPIQSSHLSSMSPTQPISHEEQPRYEDPDAPLDLSLHPDVAAPPAPRAPYQGYQEQPAPQAPYQGYQEQPAPQAPYQGYQEQPAPQAPYQGYQEQPAPQAPYQGYQEQPPPQAPYQGYQEQPAPQAPYQGYQEPPAHGLQSSSYPGYAGPWTPRSQHPCYRHPWAPWSQDPVHGHTQGPWDPRAPHLPPQWDGSAGHGQDQVSQFPHLQSETGPPRLQLSSVPLVSSSAPSWSSPQPRAPIRPIPTRFPPPPMPLQDSMAVGCDSSGTACPSMPFASDYSQGAFTPLDINATTPKRPRVEESSHGPARCSQATAEAQEILSDNSEISVFPKDAKQTDYDASTESELD,EBNA6_EBVG
AARQRLQDI,HLA-B*44:02,MESFEGQGDSRQSPDNERGDNVQTTGEHDQDPGPGPPSSGASERLVPEESYSRDQQPWGQSRGDENRGWMQRIRRRRRRRAALSGHLLDTEDNVPPWLPPHDIAPYVARNIRDAACRAVKQSHLQALSNLILDSGLDTQHILCFVMAARQRLQDIRRGPLVVEGGVGWRHWLLTSPSQSWPMGYRTATLRTLTPVPNRVGADSIMLTATFGCQNAARTLNTFSATVWTPPHAGPREQERYAREAEVRFLRGKWQRRYRRIYDLIELCGSLHHIWQNLLQTEENLLDFVRFMGVMSSCNNPAVNYWFHKTIGNFKPYYPWNAPPNENPYHARRGIKEHVIQNAFRKAQIQGLSMLATVGEPRGDATSETSSDEDTGRQGSDVELESSDDELPYIDPNMEPVQQRPVMFVSRVPAKKPRKLPWPTPKTHPVKRTNVKTSDRSDKAEAQSTPERPGPSEQSSVTVEPAHPTPVEMPMVILHQPPPVPKPVPVKPTPPPSRRRRGACVVYDDDVIEVIDVETTEDSSSVSQPNKPHRKHQDGFQRSGRRQKRAAPPTVSPSDTGPPAAGPPAAGPPAAGPHILTPPSARPRIMAPPVVRMFMRERQLPQSTGRKPQCFWEMRASREITQMQQEPSSHLQSATQPTMPRPSWVPSVCALSVMDAGKAQPIQSSHLSSMSPTQPISHEEQPRYEDPDAPLDLSLHPDVAAPPAPRAPYQGYQEQPAPQAPYQGYQEQPAPQAPYQGYQEQPAPQAPYQGYQEQPAPQAPYQGYQEQPPPQAPYQGYQEQPAPQAPYQGYQEPPAHGLQSSSYPGYAGPWTPRSQHPCYRHPWAPWSQDPVHGHTQGPWDPRAPHLPPQWDGSAGHGQDQVSQFPHLQSETGPPRLQLSSVPLVSSSAPSWSSPQPRAPIRPIPTRFPPPPMPLQDSMAVGCDSSGTACPSMPFASDYSQGAFTPLDINATTPKRPRVEESSHGPARCSQATAEAQEILSDNSEISVFPKDAKQTDYDASTESELD,EBNA6_EBVG
AASAFRCFI,HLA-A*02:01,MTNLDTASTTLLACFLLCFCVLLCVCLLIRPLLLSVSTYTSLIILVLLLWITAASAFRCFIVYIIFVYIPLFLIHTHARFLIT,VE5_HPV16
AASAFRCFI,HLA-A*01:01,MTNLDTASTTLLACFLLCFCVLLCVCLLIRPLLLSVSTYTSLIILVLLLWITAASAFRCFIVYIIFVYIPLFLIHTHARFLIT,VE5_HPV16
AASAFRCFI,HLA-A*03:01,MTNLDTASTTLLACFLLCFCVLLCVCLLIRPLLLSVSTYTSLIILVLLLWITAASAFRCFIVYIIFVYIPLFLIHTHARFLIT,VE5_HPV16
AASAFRCFI,HLA-A*24:02,MTNLDTASTTLLACFLLCFCVLLCVCLLIRPLLLSVSTYTSLIILVLLLWITAASAFRCFIVYIIFVYIPLFLIHTHARFLIT,VE5_HPV16
AASAFRCFI,HLA-A*11:01,MTNLDTASTTLLACFLLCFCVLLCVCLLIRPLLLSVSTYTSLIILVLLLWITAASAFRCFIVYIIFVYIPLFLIHTHARFLIT,VE5_HPV16
AASAFRCFI,HLA-B*07:02,MTNLDTASTTLLACFLLCFCVLLCVCLLIRPLLLSVSTYTSLIILVLLLWITAASAFRCFIVYIIFVYIPLFLIHTHARFLIT,VE5_HPV16
AASAFRCFI,HLA-B*08:01,MTNLDTASTTLLACFLLCFCVLLCVCLLIRPLLLSVSTYTSLIILVLLLWITAASAFRCFIVYIIFVYIPLFLIHTHARFLIT,VE5_HPV16
AASAFRCFI,HLA-B*27:05,MTNLDTASTTLLACFLLCFCVLLCVCLLIRPLLLSVSTYTSLIILVLLLWITAASAFRCFIVYIIFVYIPLFLIHTHARFLIT,VE5_HPV16
AASAFRCFI,HLA-B*35:01,MTNLDTASTTLLACFLLCFCVLLCVCLLIRPLLLSVSTYTSLIILVLLLWITAASAFRCFIVYIIFVYIPLFLIHTHARFLIT,VE5_HPV16
AASAFRCFI,HLA-B*44:02,MTNLDTASTTLLACFLLCFCVLLCVCLLIRPLLLSVSTYTSLIILVLLLWITAASAFRCFIVYIIFVYIPLFLIHTHARFLIT,VE5_HPV16
ADRPRAWRL,HLA-A*02:01,GGGGGGGGGGGGGGGGGGGGGGGGGADRPRAWRLGGGGGGGGGGGGGGGGGGGGGGGGGG,SYNTH_ADRPRAWRL
ADRPRAWRL,HLA-A*01:01,GGGGGGGGGGGGGGGGGGGGGGGGGADRPRAWRLGGGGGGGGGGGGGGGGGGGGGGGGGG,SYNTH_ADRPRAWRL
ADRPRAWRL,HLA-A*03:01,GGGGGGGGGGGGGGGGGGGGGGGGGADRPRAWRLGGGGGGGGGGGGGGGGGGGGGGGGGG,SYNTH_ADRPRAWRL
ADRPRAWRL,HLA-A*24:02,GGGGGGGGGGGGGGGGGGGGGGGGGADRPRAWRLGGGGGGGGGGGGGGGGGGGGGGGGGG,SYNTH_ADRPRAWRL
ADRPRAWRL,HLA-A*11:01,GGGGGGGGGGGGGGGGGGGGGGGGGADRPRAWRLGGGGGGGGGGGGGGGGGGGGGGGGGG,SYNTH_ADRPRAWRL
ADRPRAWRL,HLA-B*07:02,GGGGGGGGGGGGGGGGGGGGGGGGGADRPRAWRLGGGGGGGGGGGGGGGGGGGGGGGGGG,SYNTH_ADRPRAWRL
ADRPRAWRL,HLA-B*08:01,GGGGGGGGGGGGGGGGGGGGGGGGGADRPRAWRLGGGGGGGGGGGGGGGGGGGGGGGGGG,SYNTH_ADRPRAWRL
ADRPRAWRL,HLA-B*27:05,GGGGGGGGGGGGGGGGGGGGGGGGGADRPRAWRLGGGGGGGGGGGGGGGGGGGGGGGGGG,SYNTH_ADRPRAWRL
ADRPRAWRL,HLA-B*35:01,GGGGGGGGGGGGGGGGGGGGGGGGGADRPRAWRLGGGGGGGGGGGGGGGGGGGGGGGGGG,SYNTH_ADRPRAWRL
ADRPRAWRL,HLA-B*44:02,GGGGGGGGGGGGGGGGGGGGGGGGGADRPRAWRLGGGGGGGGGGGGGGGGGGGGGGGGGG,SYNTH_ADRPRAWRL
