peptide,virus,label,score,fold,method,feature_mode,predicted_pos,correct,is_conflict
AMFQDPQER,HPV16,0,0.895,1,RandomForest,30,True,False,False
CFLLCFCVL,HPV16,0,0.4,1,RandomForest,30,True,False,False
CVQSTHVDI,HPV16,0,0.755,1,RandomForest,30,True,False,False
DKKQRFHNI,HPV16,0,0.825,1,RandomForest,30,True,False,False
DYSQGAFTPL,EBV,0,0.715,1,RandomForest,30,True,False,False
ERQLPQSTGR,EBV,0,0.35,1,RandomForest,30,False,True,False
FIVYIIFVY,HPV16,0,0.555,1,RandomForest,30,True,False,False
FYRSLLTIL,EBV,0,0.675,1,RandomForest,30,True,False,False
GDDPHLPTL,EBV,0,0.35,1,RandomForest,30,False,True,False
GIDPHLPTL,EBV,0,0.385,1,RandomForest,30,True,False,False
GTDPHLPTL,EBV,0,0.52,1,RandomForest,30,True,False,False
HYQTLCTNF,EBV,0,0.545,1,RandomForest,30,True,False,False
IRPIPTRFPP,EBV,0,0.57,1,RandomForest,30,True,False,False
IVTDLSVIK,EBV,0,0.735,1,RandomForest,30,True,False,False
IVYIIFVYI,HPV16,0,0.775,1,RandomForest,30,True,False,False
KRTNVKTSDR,EBV,0,0.24,1,RandomForest,30,False,True,False
LLVIVAPYL,EBV,0,0.68,1,RandomForest,30,True,False,False
LPQGQLTAY,EBV,0,0.935,1,RandomForest,30,True,False,False
LRTLTPVPNR,EBV,0,0.44,1,RandomForest,30,True,False,False
LVLLLWITA,HPV16,0,0.275,1,RandomForest,30,False,True,False
MRAGREITQM,EBV,0,0.375,1,RandomForest,30,True,False,False
PARSLREWEL,EBV,0,0.72,1,RandomForest,30,True,False,False
PGPGPQPGPL,EBV,0,0.275,1,RandomForest,30,False,True,False
PRAPIRPIPT,EBV,0,0.425,1,RandomForest,30,True,False,False
PRPSWAPSVC,EBV,0,0.54,1,RandomForest,30,True,False,False
PRSQHPCYR,EBV,0,0.47,1,RandomForest,30,True,False,False
QHLANHPAA,HPV16,0,0.53,1,RandomForest,30,True,False,False
QLTPHTKAV,EBV,0,0.82,1,RandomForest,30,True,False,False
QRLQDIRRGPL,EBV,0,0.665,1,RandomForest,30,True,False,False
QRRYRRIYDL,EBV,0,0.24,1,RandomForest,30,False,True,False
QTHIFAEVL,EBV,0,0.615,1,RandomForest,30,True,False,False
RSSRTRRETQ,HPV16,0,0.885,1,RandomForest,30,True,False,False
RYRFKKHCTL,HPV16,0,0.685,1,RandomForest,30,True,False,False
SRVPAKKPRK,EBV,0,0.56,1,RandomForest,30,True,False,False
STLRLCVQS,HPV16,0,0.51,1,RandomForest,30,True,False,False
SYVKQPLCLL,EBV,0,0.62,1,RandomForest,30,True,False,False
TRFPPPPMPL,EBV,0,0.48,1,RandomForest,30,True,False,False
VTFCCKCDS,HPV16,0,0.51,1,RandomForest,30,True,False,False
VYDSMLQSDL,EBV,0,0.47,1,RandomForest,30,True,False,False
VYLTAPTGCI,HPV16,0,0.565,1,RandomForest,30,True,False,False
WITAASAFR,HPV16,0,0.465,1,RandomForest,30,True,False,False
YCYSLYGTTL,HPV16,0,0.79,1,RandomForest,30,True,False,False
YRHPWAPWSQ,EBV,0,0.56,1,RandomForest,30,True,False,False
AASAFRCFI,HPV16,0,0.45,2,RandomForest,30,True,False,False
AHYNIVTFC,HPV16,0,0.67,2,RandomForest,30,True,False,False
ARPRIMAPPV,EBV,0,0.5,2,RandomForest,30,True,False,False
ARRGIKEHVI,EBV,0,0.49,2,RandomForest,30,True,False,False
AYAEATSSL,EBV,0,0.6,2,RandomForest,30,True,False,False
AYQAYAAPQL,EBV,0,0.79,2,RandomForest,30,True,False,False
CRAVKQSHLQ,EBV,0,0.16,2,RandomForest,30,False,True,False
CVCLLIRPL,HPV16,0,0.625,2,RandomForest,30,True,False,False
CVLLCVCLL,HPV16,0,0.715,2,RandomForest,30,True,False,False
DIRTLEDL,HPV16,0,0.825,2,RandomForest,30,True,False,False
DYDASTESEL,EBV,0,0.675,2,RandomForest,30,True,False,False
FTYPVLEEM,EBV,0,0.835,2,RandomForest,30,True,False,False
FYMTHGLGTL,EBV,0,0.51,2,RandomForest,30,True,False,False
FYPLATYPL,EBV,0,0.635,2,RandomForest,30,True,False,False
GAGPHLPTL,EBV,0,0.415,2,RandomForest,30,True,False,False
GCDPHLPTL,EBV,0,0.255,2,RandomForest,30,False,True,False
GPREQERYAR,EBV,0,0.655,2,RandomForest,30,True,False,False
GRKPQCFWEM,EBV,0,0.31,2,RandomForest,30,False,True,False
GRRQKRAAPPT,EBV,0,0.22,2,RandomForest,30,False,True,False
GYDVGHGPL,EBV,0,0.64,2,RandomForest,30,True,False,False
HAMHISTGL,EBV,0,0.88,2,RandomForest,30,True,False,False
HISTGLSIF,EBV,0,0.725,2,RandomForest,30,True,False,False
IRDAACRAVK,EBV,0,0.63,2,RandomForest,30,True,False,False
IRRGPLVAEG,EBV,0,0.465,2,RandomForest,30,True,False,False
LYNLRRGIAL,EBV,0,0.635,2,RandomForest,30,True,False,False
LYTGLAQAL,EBV,0,0.585,2,RandomForest,30,True,False,False
MGSLEMMPM,EBV,0,0.67,2,RandomForest,30,True,False,False
NRGWMQRIRR,EBV,0,0.375,2,RandomForest,30,True,False,False
NRVGADSIML,EBV,0,0.565,2,RandomForest,30,True,False,False
PLFLIHTHA,HPV16,0,0.665,2,RandomForest,30,True,False,False
PRGDATSETS,EBV,0,0.285,2,RandomForest,30,False,True,False
PRKLPWPTPK,EBV,0,0.535,2,RandomForest,30,True,False,False
RCINCQKPL,HPV16,0,0.835,2,RandomForest,30,True,False,False
RLCVQSTHVD,HPV16,0,0.315,2,RandomForest,30,False,True,False
RYEDPDAPL,EBV,0,0.575,2,RandomForest,30,True,False,False
SRDQQPWGQS,EBV,0,0.14,2,RandomForest,30,False,True,False
SSPEIIRQHL,HPV16,0,0.71,2,RandomForest,30,True,False,False
STLRLCVQST,HPV16,0,0.385,2,RandomForest,30,True,False,False
SVSTYTSLI,HPV16,0,0.58,2,RandomForest,30,True,False,False
SYVKQPLCL,EBV,0,0.705,2,RandomForest,30,True,False,False
VRFLRGKWQR,EBV,0,0.38,2,RandomForest,30,True,False,False
VYAASFSPNL,EBV,0,0.615,2,RandomForest,30,True,False,False
YTDHQTTPT,EBV,0,0.815,2,RandomForest,30,True,False,False
AEVLKDAI,EBV,0,0.705,3,RandomForest,30,True,False,False
ALAIPQCRL,EBV,0,0.72,3,RandomForest,30,True,False,False
ALLTLAAAL,EBV,0,0.78,3,RandomForest,30,True,False,False
AREAEVRFLR,EBV,0,0.88,3,RandomForest,30,True,False,False
ARNIRDAACR,EBV,0,0.465,3,RandomForest,30,True,False,False
ARQRLQDIRR,EBV,0,0.595,3,RandomForest,30,True,False,False
CQKPLCPEEK,HPV16,0,0.605,3,RandomForest,30,True,False,False
CVQSTHVDIR,HPV16,0,0.71,3,RandomForest,30,True,False,False
CYENDNPGL,EBV,0,0.505,3,RandomForest,30,True,False,False
DRSDKAEAQS,EBV,0,0.24,3,RandomForest,30,False,True,False
DTASTTLLA,HPV16,0,0.51,3,RandomForest,30,True,False,False
ERGDNVQTTG,EBV,0,0.205,3,RandomForest,30,False,True,False
FTPDPYQVPF,EBV,0,0.675,3,RandomForest,30,True,False,False
FYISLIQGL,EBV,0,0.61,3,RandomForest,30,True,False,False
GGDPHLPPL,EBV,0,0.435,3,RandomForest,30,True,False,False
GGDTPLPTL,EBV,0,0.455,3,RandomForest,30,True,False,False
GREITQMQQE,EBV,0,0.32,3,RandomForest,30,False,True,False
HRKHQDGFQR,EBV,0,0.47,3,RandomForest,30,True,False,False
IQAPSNRVM,EBV,0,0.905,3,RandomForest,30,True,False,False
IVTDLSIIK,EBV,0,0.695,3,RandomForest,30,True,False,False
IYLLEMLWRL,EBV,0,0.765,3,RandomForest,30,True,False,False
LLMGTLGIVC,HPV16,0,0.67,3,RandomForest,30,True,False,False
LRLCVQSTH,HPV16,0,0.295,3,RandomForest,30,False,True,False
LTEWGSGNRTY,EBV,0,0.89,3,RandomForest,30,True,False,False
MLLLIVAGI,EBV,0,0.795,3,RandomForest,30,True,False,False
NCNSNTTPI,HPV16,0,0.535,3,RandomForest,30,True,False,False
NIVTFCCKC,HPV16,0,0.655,3,RandomForest,30,True,False,False
NIVTFCCKCD,HPV16,0,0.43,3,RandomForest,30,True,False,False
PRILAPLSAG,EBV,0,0.295,3,RandomForest,30,False,True,False
QPETTDLYCY,HPV16,0,0.68,3,RandomForest,30,True,False,False
QRRYRRIYPL,EBV,0,0.12,3,RandomForest,30,False,True,False
RAHYNIVTFC,HPV16,0,0.725,3,RandomForest,30,True,False,False
RLCVQSTHV,HPV16,0,0.875,3,RandomForest,30,True,False,False
RPQGGSRPEFV,EBV,0,0.84,3,RandomForest,30,True,False,False
RRAALSGHLL,EBV,0,0.825,3,RandomForest,30,True,False,False
RRYRRIYDLI,EBV,0,0.73,3,RandomForest,30,True,False,False
RYAREAEVRF,EBV,0,0.675,3,RandomForest,30,True,False,False
SRGDENRGWM,EBV,0,0.285,3,RandomForest,30,False,True,False
TFCCKCDSTL,HPV16,0,0.405,3,RandomForest,30,True,False,False
TTLLACFLL,HPV16,0,0.59,3,RandomForest,30,True,False,False
VRMFMRERQL,EBV,0,0.62,3,RandomForest,30,True,False,False
YDFAFRDL,HPV16,0,0.925,3,RandomForest,30,True,False,False
YRTATLRTLT,EBV,0,0.55,3,RandomForest,30,True,False,False
ADRPRAWRL,EBV,0,0.865,4,RandomForest,30,True,False,False
CLLIRPLLL,HPV16,0,0.88,4,RandomForest,30,True,False,False
CYSVYGTTL,HPV16,0,0.71,4,RandomForest,30,True,False,False
DIRTLEDLL,HPV16,0,0.81,4,RandomForest,30,True,False,False
DSTLRLCVQ,HPV16,0,0.65,4,RandomForest,30,True,False,False
DSTLRLCVQS,HPV16,0,0.505,4,RandomForest,30,True,False,False
DYMAIHRSL,EBV,0,0.8,4,RandomForest,30,True,False,False
ERLVPEESYS,EBV,0,0.395,4,RandomForest,30,True,False,False
ERPGPSEQSS,EBV,0,0.33,4,RandomForest,30,False,True,False
GGDPHLPTL,EBV,0,0.16,4,RandomForest,30,False,True,False
GGDPPLPTL,EBV,0,0.275,4,RandomForest,30,False,True,False
GIRTYFVQF,HPV16,0,0.805,4,RandomForest,30,True,False,False
GSDPHLPTL,EBV,0,0.27,4,RandomForest,30,False,True,False
GYQEPPAHGL,EBV,0,0.56,4,RandomForest,30,True,False,False
IEDPPFNSI,EBV,0,0.82,4,RandomForest,30,True,False,False
IRTLEDLLMG,HPV16,0,0.66,4,RandomForest,30,True,False,False
IVTFCCKCD,HPV16,0,0.495,4,RandomForest,30,True,False,False
KRAAPPTVSPS,EBV,0,0.16,4,RandomForest,30,False,True,False
KRPRVEESSH,EBV,0,0.295,4,RandomForest,30,False,True,False
LCVQSTHVD,HPV16,0,0.55,4,RandomForest,30,True,False,False
LIPETVPYI,EBV,0,0.815,4,RandomForest,30,True,False,False
LYNLRRGTAL,EBV,0,0.42,4,RandomForest,30,True,False,False
MGSLEMLPM,EBV,0,0.69,4,RandomForest,30,True,False,False
MTNLDTAST,HPV16,0,0.455,4,RandomForest,30,True,False,False
PRLQLSLVPL,EBV,0,0.525,4,RandomForest,30,True,False,False
PRVEESSHGP,EBV,0,0.56,4,RandomForest,30,True,False,False
PRYEDPDAPL,EBV,0,0.36,4,RandomForest,30,True,False,False
RAHYSIVTF,HPV16,0,0.83,4,RandomForest,30,True,False,False
RPLLLSVST,HPV16,0,0.505,4,RandomForest,30,True,False,False
RRGACVVYDD,EBV,0,0.355,4,RandomForest,30,False,True,False
RRGIKEHVIQ,EBV,0,0.445,4,RandomForest,30,True,False,False
RRQKRAAPPT,EBV,0,0.165,4,RandomForest,30,False,True,False
SIVCYFMVFL,EBV,0,0.855,4,RandomForest,30,True,False,False
SRRRRGACVV,EBV,0,0.43,4,RandomForest,30,True,False,False
SVFYRKPDTK,EBV,0,0.835,4,RandomForest,30,True,False,False
THVDIRTLED,HPV16,0,0.705,4,RandomForest,30,True,False,False
TLRLCVQSTH,HPV16,0,0.425,4,RandomForest,30,True,False,False
TYPLREVATL,EBV,0,0.715,4,RandomForest,30,True,False,False
VQSTHVDIR,HPV16,0,0.76,4,RandomForest,30,True,False,False
VQSTHVDIRT,HPV16,0,0.66,4,RandomForest,30,True,False,False
VRFMGVMSSC,EBV,0,0.555,4,RandomForest,30,True,False,False
YLLEMIWRL,EBV,0,0.61,4,RandomForest,30,True,False,False
YNIVTFCCK,HPV16,0,0.835,4,RandomForest,30,True,False,False
ARCSQATAEA,EBV,0,0.23,5,RandomForest,30,False,True,False
ARTLNTFSAT,EBV,0,0.16,5,RandomForest,30,False,True,False
ATLNICNFW,EBV,0,0.88,5,RandomForest,30,True,False,False
CDSTLRLCVQ,HPV16,0,0.565,5,RandomForest,30,True,False,False
CYFMVFLQT,EBV,0,0.44,5,RandomForest,30,True,False,False
ERYAREAEVR,EBV,0,0.44,5,RandomForest,30,True,False,False
FLQRTDLSY,EBV,0,0.89,5,RandomForest,30,True,False,False
FRKAQIQGLS,EBV,0,0.275,5,RandomForest,30,False,True,False
FYNIPPMPL,EBV,0,0.56,5,RandomForest,30,True,False,False
GGDPHVPTL,EBV,0,0.255,5,RandomForest,30,False,True,False
GPGPQPGPL,EBV,0,0.265,5,RandomForest,30,False,True,False
GYRTATLRTL,EBV,0,0.66,5,RandomForest,30,True,False,False
HTHARFLIT,HPV16,0,0.685,5,RandomForest,30,True,False,False
HYNIVTFCC,HPV16,0,0.805,5,RandomForest,30,True,False,False
ILYFIAFAL,EBV,0,0.795,5,RandomForest,30,True,False,False
IVTFCCKCDS,HPV16,0,0.395,5,RandomForest,30,True,False,False
IVYRDGNPY,HPV16,0,0.815,5,RandomForest,30,True,False,False
KLLTPVTVL,EBV,0,0.695,5,RandomForest,30,True,False,False
LLRREVYDF,HPV16,0,0.62,5,RandomForest,30,True,False,False
LLWTLVLL,EBV,0,0.895,5,RandomForest,30,True,False,False
LRLCVQSTHV,HPV16,0,0.265,5,RandomForest,30,False,True,False
LSIFDTSLF,EBV,0,0.665,5,RandomForest,30,True,False,False
LYNLRRGTA,EBV,0,0.17,5,RandomForest,30,False,True,False
MRERQLPQST,EBV,0,0.16,5,RandomForest,30,False,True,False
NAAEPEQPW,EBV,0,0.905,5,RandomForest,30,True,False,False
NIAEGLRAL,EBV,0,0.785,5,RandomForest,30,True,False,False
NYNPGTLSSL,EBV,0,0.49,5,RandomForest,30,True,False,False
PRAPHLPPQW,EBV,0,0.67,5,RandomForest,30,True,False,False
PRIMAPPVVR,EBV,0,0.43,5,RandomForest,30,True,False,False
QRIRRRRRRR,EBV,0,0.43,5,RandomForest,30,True,False,False
QRPVMFVSRV,EBV,0,0.775,5,RandomForest,30,True,False,False
QRSGRRQKRA,EBV,0,0.41,5,RandomForest,30,True,False,False
QSTHVDIRT,HPV16,0,0.595,5,RandomForest,30,True,False,False
QSTHVDIRTL,HPV16,0,0.705,5,RandomForest,30,True,False,False
SRQSPDNERG,EBV,0,0.265,5,RandomForest,30,False,True,False
SVRDRLAR,EBV,0,0.86,5,RandomForest,30,True,False,False
TLLACFLLC,HPV16,0,0.46,5,RandomForest,30,True,False,False
TLRLCVQST,HPV16,0,0.63,5,RandomForest,30,True,False,False
TYWQLNQNLL,EBV,0,0.685,5,RandomForest,30,True,False,False
WRHWLLTSPS,EBV,0,0.335,5,RandomForest,30,False,True,False
YFLEILWRL,EBV,0,0.82,5,RandomForest,30,True,False,False
YPKHEQHGM,EBV,0,0.88,5,RandomForest,30,True,False,False
