peptide,virus,label,score,fold
AARDRFPGL,EBV,1,0.50730747,1
AFRDLCIVY,HPV16,1,0.55340797,1
AHYNIVTFCC,HPV16,1,0.50049865,1
ALQAIELQL,HPV16,1,0.49827245,1
AMFQDPQER,HPV16,0,0.54582965,1
APKTPDACL,EBV,1,0.4908441,1
APRLPDDPI,EBV,1,0.48178792,1
APRQWPMPL,EBV,1,0.5273107,1
APVPPPEPL,EBV,1,0.5082613,1
AVLLHEESL,EBV,1,0.5010961,1
AVLLHEESM,EBV,1,0.5010961,1
AVYGTDLAWVL,EBV,1,0.49661154,1
AYRRRWRRL,EBV,1,0.55001926,1
CFLLCFCVL,HPV16,0,0.49647692,1
CLGGLLTMN,EBV,1,0.5320326,1
CLGLLTMV,EBV,1,0.50806344,1
CSSCPLSK,EBV,1,0.5195272,1
CVQSTHVDI,HPV16,0,0.5567542,1
CYSLYGTTL,HPV16,1,0.5000128,1
DHEGFACLTVE,EBV,1,0.52660376,1
DKKQRFHNI,HPV16,0,0.5069701,1
DPYQVPFVQAF,EBV,1,0.5153935,1
DTPLIPLTIF,EBV,1,0.49995565,1
DYSQGAFTPL,EBV,0,0.5066927,1
EGGVGWRHW,EBV,1,0.6292012,1
EPRYTYWQL,EBV,1,0.531531,1
ERQLPQSTGR,EBV,0,0.48918107,1
EYHQEGGPDG,EBV,1,0.5405441,1
EYLLGRFSVL,EBV,1,0.4965461,1
EYRHYCYSL,HPV16,1,0.47607255,1
FAFRDLCIVYR,HPV16,1,0.5698732,1
FELSQMVQW,HPV16,1,0.5136875,1
FIVYIIFVY,HPV16,0,0.5027897,1
FLSQVKIPKT,HPV16,1,0.5149364,1
FRRDLLCPLGA,EBV,1,0.5229762,1
FYRSLLTIL,EBV,0,0.51601577,1
GDDPHLPTL,EBV,0,0.48980156,1
GIDPHLPTL,EBV,0,0.48980156,1
GPKVKRPPI,EBV,1,0.50692517,1
GRWTGRCM,HPV16,1,0.5424718,1
GRWTGRCMSC,HPV16,1,0.52800864,1
GTDPHLPTL,EBV,0,0.48980156,1
HEYMLDLQPET,HPV16,1,0.49989006,1
HHIWQNLL,EBV,1,0.5061245,1
HLAAQGMAY,EBV,1,0.51670486,1
HPAATHTKAV,HPV16,1,0.52575254,1
HPVGEADY,EBV,1,0.5436489,1
HRCQAIRK,EBV,1,0.55197144,1
HVSTAPTGSW,EBV,1,0.4837444,1
HYNIVTFCCK,HPV16,1,0.48038304,1
HYQTLCTNF,EBV,0,0.511799,1
IALYLQQNW,EBV,1,0.5074457,1
IFVYIPLFL,HPV16,1,0.5354556,1
IILECVYCK,HPV16,1,0.50962985,1
ILTAFNSSHK,HPV16,1,0.5284769,1
IPQCRLTPL,EBV,1,0.4772286,1
IPRSTVKVTV,EBV,1,0.50902754,1
IRPIPTRFPP,EBV,0,0.4839803,1
IVCPICSQK,HPV16,1,0.5155525,1
IVTDLSVIK,EBV,0,0.5333836,1
IVYIIFVYI,HPV16,0,0.5446984,1
KGDANTLKCL,HPV16,1,0.5280452,1
KRTNVKTSDR,EBV,0,0.5283833,1
LASAMRML,EBV,1,0.542834,1
LEDLLMGTLGI,HPV16,1,0.49342495,1
LLQHYREVAA,EBV,1,0.52375865,1
LLVIVAPYL,EBV,0,0.52902335,1
LLWTLVVLL,EBV,1,0.528643,1
LPCVLWPVL,EBV,1,0.49876696,1
LPQGQLTAY,EBV,0,0.5006216,1
LQTHIFAEV,EBV,1,0.5436794,1
LRTLTPVPNR,EBV,0,0.49170515,1
LSRLPFGMA,EBV,1,0.49499154,1
LSVSTYTSL,HPV16,1,0.5134931,1
LVLLLWITA,HPV16,0,0.49601197,1
MRAGREITQM,EBV,0,0.48823258,1
NDYHHFKTI,EBV,1,0.5620575,1
NPCHTTKLL,HPV16,1,0.51580125,1
NPRLPVCNL,EBV,1,0.5003967,1
NSIIMLGQDDF,EBV,1,0.4957751,1
PARSLREWEL,EBV,0,0.5308945,1
PGPGPQPGPL,EBV,0,0.50082266,1
PLFDRKSDAK,EBV,1,0.5133187,1
PRAPIRPIPT,EBV,0,0.52250594,1
PRPSWAPSVC,EBV,0,0.5129791,1
PRSQHPCYR,EBV,0,0.5568258,1
PSDSAGNDG,EBV,1,0.5584062,1
QHLANHPAA,HPV16,0,0.5079313,1
QLTPHTKAV,EBV,0,0.52681565,1
QRLQDIRRGPL,EBV,0,0.49507523,1
QRRYRRIYDL,EBV,0,0.5073079,1
QTHIFAEVL,EBV,0,0.52681124,1
RRIFDLIEL,EBV,1,0.55818236,1
RRLTVCGGIMF,EBV,1,0.52475154,1
RRPNHMNVL,EBV,1,0.5010299,1
RRYPYPAR,HPV16,1,0.5153707,1
RSSRTRRETQ,HPV16,0,0.52855974,1
RTAMFQDPQ,HPV16,1,0.5267179,1
RTAMFQDPQER,HPV16,1,0.52605814,1
RYKNRVASR,EBV,1,0.484581,1
RYRFKKHCTL,HPV16,0,0.50386316,1
RYSESGQFHAF,EBV,1,0.49600276,1
SEIAYKYAQL,HPV16,1,0.51472116,1
SFDDGVDL,EBV,1,0.55222493,1
SPEIIRQHL,HPV16,1,0.5589308,1
SPRHYSTDL,EBV,1,0.51583976,1
SQAPLPCVL,EBV,1,0.5161797,1
SRVPAKKPRK,EBV,0,0.5262877,1
SSCSSCPLS,EBV,1,0.4996599,1
STLRLCVQS,HPV16,0,0.5007091,1
STYTSLIIL,HPV16,1,0.53726065,1
SYKTLREFF,EBV,1,0.58479464,1
SYVKQPLCLL,EBV,0,0.519486,1
TIHDIILEC,HPV16,1,0.57612926,1
TLDYKPLSV,EBV,1,0.50071853,1
TLFIGSHVV,EBV,1,0.4720294,1
TRFPPPPMPL,EBV,0,0.51036215,1
TTLEQQYNK,HPV16,1,0.49699596,1
TYGPVFMSL,EBV,1,0.523764,1
TYTSGEACL,EBV,1,0.49325964,1
VCLLIRPLL,HPV16,1,0.50335383,1
VCPICSQKP,HPV16,1,0.50833476,1
VEDLFGANL,EBV,1,0.48768815,1
VFSDGRVAC,EBV,1,0.5401448,1
VLLCVCLLI,HPV16,1,0.52185076,1
VMATLLPPV,EBV,1,0.51377827,1
VMSNTLLSAW,EBV,1,0.49482957,1
VTFCCKCDS,HPV16,0,0.53240275,1
VYCKQQLL,HPV16,1,0.5194477,1
VYDFAFRDL,HPV16,1,0.60365254,1
VYDSMLQSDL,EBV,0,0.52401274,1
VYLTAPTGCI,HPV16,0,0.4816116,1
WITAASAFR,HPV16,0,0.5356513,1
WPYLHNRLV,HPV16,1,0.5140729,1
WQLLAFFLA,EBV,1,0.506692,1
YAVCDKCLKF,HPV16,1,0.53708136,1
YCYSLYGTTL,HPV16,0,0.48968536,1
YPLHEQHGM,EBV,1,0.49313527,1
YRFKKHCTL,HPV16,1,0.50935215,1
YRHPWAPWSQ,EBV,0,0.5126502,1
YRSGIIAVV,EBV,1,0.53113246,1
AASAFRCFI,HPV16,0,0.9428251,2
AHYNIVTFC,HPV16,0,0.53910047,2
AHYNIVTFCCK,HPV16,1,0.865969,2
APQPAPENAY,EBV,1,0.38765904,2
ARPRIMAPPV,EBV,0,0.23000245,2
ARRGIKEHVI,EBV,0,0.22976759,2
ARYAYYLQF,EBV,1,0.57052493,2
AVARNTDIL,EBV,1,0.66702735,2
AVCDKCLKFY,HPV16,1,0.8411461,2
AYAEATSSL,EBV,0,0.66031253,2
AYQAYAAPQL,EBV,0,0.44170535,2
CCKCDSTL,HPV16,1,0.9097791,2
CLGGLLTML,EBV,1,0.7366088,2
CLGGLLYMV,EBV,1,0.6221787,2
CRAVKQSHLQ,EBV,0,0.11913654,2
CVCLLIRPL,HPV16,0,0.5333056,2
CVLLCVCLL,HPV16,0,0.35679564,2
CVYCKQQLL,HPV16,1,0.50117135,2
CYDHAQTHL,EBV,1,0.96627307,2
DIRTLEDL,HPV16,0,0.8846841,2
DLLMGTLGIVC,HPV16,1,0.8458708,2
DYDASTESEL,EBV,0,0.28059277,2
EDLLMGTLGIV,HPV16,1,0.57292694,2
EQKRAAQRA,EBV,1,0.52741146,2
EVLKDAIKD,EBV,1,0.35403308,2
FLGERVTLT,EBV,1,0.4779592,2
FLYALALLL,EBV,1,0.6874471,2
FTYPVLEEM,EBV,0,0.80109507,2
FYMTHGLGTL,EBV,0,0.2863409,2
FYPLATYPL,EBV,0,0.650704,2
GAGPHLPTL,EBV,0,0.15616038,2
GCDPHLPTL,EBV,0,0.15616038,2
GPREQERYAR,EBV,0,0.2483805,2
GRKPQCFWEM,EBV,0,0.5185501,2
GRRQKRAAPPT,EBV,0,0.23876932,2
GTLGIVCPI,HPV16,1,0.71308863,2
GYDVGHGPL,EBV,0,0.7276051,2
HAMHISTGL,EBV,0,0.7106794,2
HDIILECV,HPV16,1,0.77185994,2
HDIILECVY,HPV16,1,0.59804475,2
HGDTPTLHEY,HPV16,1,0.25540495,2
HISTGLSIF,EBV,0,0.6511342,2
HNIRGRWTGR,HPV16,1,0.6680772,2
HPVGDADYFEY,EBV,1,0.81134325,2
HYKEIPRLF,EBV,1,0.6123271,2
IILVLLLWI,HPV16,1,0.85103834,2
ILTDFSVIK,EBV,1,0.8360679,2
IRDAACRAVK,EBV,0,0.51932454,2
IRRGPLVAEG,EBV,0,0.47546235,2
ISEYRHYCY,HPV16,1,0.8116556,2
IVKQRRWKL,EBV,1,0.3323662,2
IVTDFSVIR,EBV,1,0.8360679,2
IVTDFSVIT,EBV,1,0.8360679,2
IYVLVMLVL,EBV,1,0.76359296,2
IYVLVMLVLL,EBV,1,0.8452964,2
KCRAKFKQL,EBV,1,0.7394182,2
KFKQLLQHY,EBV,1,0.6231004,2
KIVTNILIY,EBV,1,0.455471,2
KLPHLCTEL,HPV16,1,0.7433804,2
KQPLCLLAAY,EBV,1,0.44507802,2
KRPPIFIRRL,EBV,1,0.5887198,2
LCVQSTHVDI,HPV16,1,0.47862938,2
LIVAAIVFI,EBV,1,0.852734,2
LLSAWILTA,EBV,1,0.76540434,2
LLYDSPATL,EBV,1,0.6317058,2
LPRDTGPEL,EBV,1,0.7594458,2
LPVIVAPYL,EBV,1,0.33799094,2
LQDVSLEVY,HPV16,1,0.72689784,2
LQPETTDLY,HPV16,1,0.6669913,2
LRGKWQRRYR,EBV,1,0.9107163,2
LTAPTGCIKK,HPV16,1,0.65669394,2
LYNLRRGIAL,EBV,0,0.39369938,2
LYTGLAQAL,EBV,0,0.57658696,2
MGSLEMMPM,EBV,0,0.6595681,2
MLDLQPETT,HPV16,1,0.44256523,2
NGALAINTF,EBV,1,0.61477596,2
NKPLCDLLI,HPV16,1,0.61816365,2
NNLPNDVFREA,EBV,1,0.7280377,2
NRGWMQRIRR,EBV,0,0.2908379,2
NRVGADSIML,EBV,0,0.7769961,2
PDRAHYNIV,HPV16,1,0.694679,2
PLFLIHTHA,HPV16,0,0.53609633,2
PLSRLPFGM,EBV,1,0.17199697,2
PRGDATSETS,EBV,0,0.652201,2
PRKLPWPTPK,EBV,0,0.3841451,2
PYAVCDKCL,HPV16,1,0.4472349,2
PYLFWLAA,EBV,1,0.9537549,2
QLSPLLGAV,EBV,1,0.50426024,2
QPRAPIRPIPT,EBV,1,0.9109203,2
QVDYYGLYY,HPV16,1,0.861686,2
QVILCPTSV,HPV16,1,0.386789,2
RCINCQKPL,HPV16,0,0.28900436,2
RFIAQLLLL,EBV,1,0.40038806,2
RHLDKKQRF,HPV16,1,0.7121993,2
RLCVQSTHVD,HPV16,0,0.10170527,2
RLRAEAQVK,EBV,1,0.35393733,2
RPFKSNKST,HPV16,1,0.33491457,2
RPQKRPSCIGC,EBV,1,0.45066723,2
RPRKLPQLCT,HPV16,1,0.41309103,2
RPTELQPTP,EBV,1,0.55204755,2
RRRWRRLTV,EBV,1,0.67141116,2
RRWRRLTVC,EBV,1,0.527837,2
RTLEDLLMGT,HPV16,1,0.82655764,2
RTLEDLLMGTL,HPV16,1,0.5392655,2
RYEDPDAPL,EBV,0,0.29999667,2
SCSSCPLSK,EBV,1,0.56071407,2
SLFDRKSDAK,EBV,1,0.9020961,2
SLREWLLRI,EBV,1,0.5844612,2
SLTRDDAEYL,EBV,1,0.23515879,2
SRDQQPWGQS,EBV,0,0.11264144,2
SSPEIIRQHL,HPV16,0,0.5995918,2
STAPTGSWF,EBV,1,0.5687926,2
STHVDIRTLE,HPV16,1,0.52387357,2
STLRLCVQST,HPV16,0,0.17595184,2
SVRDRLARL,EBV,1,0.23012166,2
SVSTYTSLI,HPV16,0,0.51465005,2
SYAAAQRKL,EBV,1,0.7766078,2
SYVKQPLCL,EBV,0,0.39341217,2
TLEDLLMGT,HPV16,1,0.6220883,2
TTIHDIILECV,HPV16,1,0.69921064,2
TVFYNIPPMPL,EBV,1,0.5328399,2
TYGPVFMCL,EBV,1,0.42999896,2
VPRPRFSAL,EBV,1,0.47937325,2
VQTAAAVVF,EBV,1,0.5502723,2
VRFLRGKWQR,EBV,0,0.17292155,2
VYAASFSPNL,EBV,0,0.5446904,2
VYGGSKTSL,EBV,1,0.71174574,2
WAKWRLQTL,EBV,1,0.5784282,2
WPRTTPTFL,EBV,1,0.56927514,2
WPTTPPRPI,HPV16,1,0.3503685,2
YGTTLEQQY,HPV16,1,0.4963542,2
YICEEASVTV,HPV16,1,0.58143514,2
YLTAPTGCI,HPV16,1,0.4105214,2
YMLDLQPETT,HPV16,1,0.6193089,2
YMLDLQPETTD,HPV16,1,0.7483695,2
YNLRRGIAL,EBV,1,0.43907332,2
YQVPFVQAF,EBV,1,0.37112975,2
YRHYCYSL,HPV16,1,0.9896578,2
YSKNKVWEV,HPV16,1,0.8467768,2
YTDHQTTPT,EBV,0,0.6448579,2
YYVHEGIRTY,HPV16,1,0.4480688,2
AEVLKDAI,EBV,0,0.47213235,3
AGNDGGPPQ,EBV,1,0.4704568,3
AHYNIVTF,HPV16,1,0.5104805,3
ALAIPQCRL,EBV,0,0.4481816,3
ALLTLAAAL,EBV,0,0.48372433,3
ALLVLYSFA,EBV,1,0.46877816,3
APIFYPPVL,EBV,1,0.47502667,3
AREAEVRFLR,EBV,0,0.46498302,3
ARNIRDAACR,EBV,0,0.43360683,3
ARQRLQDIRR,EBV,0,0.45080805,3
ATEEEEEAV,EBV,1,0.43458107,3
ATGMVPAVKK,EBV,1,0.45884722,3
AYSSWMYSY,EBV,1,0.49794897,3
CQKPLCPEEK,HPV16,0,0.46929684,3
CVQSTHVDIR,HPV16,0,0.43730426,3
CYENDNPGL,EBV,0,0.45601314,3
DRSDKAEAQS,EBV,0,0.44635805,3
DSNSNEGRH,EBV,1,0.44112566,3
DTASTTLLA,HPV16,0,0.46991274,3
DTPTLHEYM,HPV16,1,0.46476203,3
ERGDNVQTTG,EBV,0,0.46691895,3
ESDSNSNEG,EBV,1,0.46499282,3
FAFRDLCIV,HPV16,1,0.44110417,3
FFVTTTGQTVE,EBV,1,0.4471034,3
FTASVSTVV,EBV,1,0.47418287,3
FTPDPYQVPF,EBV,0,0.4615156,3
FVYGGSKTSL,EBV,1,0.46714944,3
FVYGGSKTSLY,EBV,1,0.4518314,3
FWLYIVMSD,EBV,1,0.48740748,3
FYISLIQGL,EBV,0,0.4836284,3
GGDPHLPPL,EBV,0,0.47218797,3
GGDTPLPTL,EBV,0,0.4688266,3
GLGTLGAAI,EBV,1,0.47280434,3
GREITQMQQE,EBV,0,0.45614368,3
HPVAEADYFEY,EBV,1,0.46684682,3
HRCQAIRKK,EBV,1,0.4707805,3
HRKHQDGFQR,EBV,0,0.4581093,3
INPISKTELQA,EBV,1,0.46058214,3
IQAPSNRVM,EBV,0,0.46850604,3
IVTDLSIIK,EBV,0,0.46321726,3
IYGDTDSLF,EBV,1,0.4414975,3
IYLLEMLWRL,EBV,0,0.45669317,3
KDTWLDARM,EBV,1,0.44437814,3
KISEYRHYC,HPV16,1,0.4654719,3
KLPDLCTEL,HPV16,1,0.4798953,3
KSAIVTLTY,HPV16,1,0.47670302,3
KSNSPFDFFV,EBV,1,0.46212223,3
LDFVRFMGV,EBV,1,0.45948428,3
LEDLLMGTL,HPV16,1,0.4695955,3
LFTFLAMAEKL,EBV,1,0.44106415,3
LIIPNVTLAH,EBV,1,0.4772835,3
LIVDAVLQL,EBV,1,0.48925838,3
LLDFVRMGV,EBV,1,0.46403214,3
LLIEGIFFI,EBV,1,0.47410944,3
LLMGTLGIVC,HPV16,0,0.46736577,3
LLQQYCLYL,HPV16,1,0.48828578,3
LLWAARPRL,EBV,1,0.46969226,3
LLWTLVVL,EBV,1,0.5125866,3
LMGTLGIVCPI,HPV16,1,0.45616797,3
LQSSLHLTA,HPV16,1,0.47227567,3
LRLCVQSTH,HPV16,0,0.47506583,3
LTEWGSGNRTY,EBV,0,0.47854584,3
LYGVSFSEL,HPV16,1,0.47350168,3
MGSLEMVPM,EBV,1,0.45334363,3
MHGDTPTL,HPV16,1,0.5160134,3
MLDLQPET,HPV16,1,0.47910953,3
MLLLIVAGI,EBV,0,0.47774652,3
NCNSNTTPI,HPV16,0,0.4665993,3
NIVTFCCKC,HPV16,0,0.48846725,3
NIVTFCCKCD,HPV16,0,0.4741669,3
NLDTASTTL,HPV16,1,0.46568638,3
PNASGMFESRW,EBV,1,0.46764085,3
PPCPYAESSWA,EBV,1,0.4607849,3
PRILAPLSAG,EBV,0,0.45533764,3
PYLFWLAAI,EBV,1,0.49384412,3
PYLFWLAAIA,EBV,1,0.46987486,3
QNGALAINTF,EBV,1,0.4645103,3
QPETTDLYCY,HPV16,0,0.44741982,3
QPRAPIRPI,EBV,1,0.45511043,3
QPRLTPPQPL,EBV,1,0.45948943,3
QRFHNIRGRW,HPV16,1,0.4623191,3
QRRYRRIYPL,EBV,0,0.45290536,3
QSRGDENRGW,EBV,1,0.44935513,3
RAHYNIVTFC,HPV16,0,0.4732347,3
RAKFKQLLQ,EBV,1,0.4598892,3
RKIYDLIEL,EBV,1,0.48187372,3
RLCVQSTHV,HPV16,0,0.4472906,3
RLECAIYYK,HPV16,1,0.48967668,3
RLGATIWQL,EBV,1,0.47149298,3
RPPIFIRLL,EBV,1,0.48300135,3
RPQGGSRPEFV,EBV,0,0.46827474,3
RPRFEHPHL,EBV,1,0.44108483,3
RRAALSGHLL,EBV,0,0.47513634,3
RRLVVTLQC,EBV,1,0.47607392,3
RRRKGWIPL,EBV,1,0.44944477,3
RRYRRIYDLI,EBV,0,0.42337933,3
RYAREAEVRF,EBV,0,0.43432102,3
RYCCYYCLTL,EBV,1,0.4792172,3
RYSIFFDY,EBV,1,0.49665588,3
SENDRLRLL,EBV,1,0.47412872,3
SEPDTGNPCH,HPV16,1,0.45586762,3
SESGQFHAF,EBV,1,0.46973708,3
SFFDRKSDAK,EBV,1,0.45165226,3
SLGGLLTMA,EBV,1,0.48348066,3
SLIILVLLL,HPV16,1,0.46997693,3
SLVIVTTFV,EBV,1,0.47778603,3
SMFIGTPNV,EBV,1,0.4555256,3
SQFPDFSVL,EBV,1,0.44345984,3
SRGDENRGWM,EBV,0,0.44213063,3
SRWPYLHNR,HPV16,1,0.4903762,3
SSCSSCPLSKI,EBV,1,0.45331466,3
SSCSSCPLSKV,EBV,1,0.45331466,3
SSRTRRETQL,HPV16,1,0.45054573,3
TFCCKCDSTL,HPV16,0,0.45801556,3
TLIDVCPI,HPV16,1,0.5211068,3
TLKCLRYRFK,HPV16,1,0.49436823,3
TLQDVSLEVYL,HPV16,1,0.46692863,3
TLTSYWRR,EBV,1,0.49443483,3
TLTSYWRRV,EBV,1,0.46594974,3
TPDPYQVPFV,EBV,1,0.4690889,3
TSLIILVLL,HPV16,1,0.47482714,3
TSSPSMPEL,EBV,1,0.4688865,3
TTLLACFLL,HPV16,0,0.4664689,3
TVARHLLGAK,EBV,1,0.46882308,3
TVQTAAAVVF,EBV,1,0.46970552,3
VDIRTLEDL,HPV16,1,0.45265788,3
VEITPYKPTW,EBV,1,0.46677282,3
VLQWASLAV,EBV,1,0.48179644,3
VLRYHVLLEE,EBV,1,0.49016458,3
VPGSETMCY,EBV,1,0.45770806,3
VRMFMRERQL,EBV,0,0.46543193,3
VVEGQVDYY,HPV16,1,0.4566003,3
WTLVVLLI,EBV,1,0.50942916,3
WYKTGISNI,HPV16,1,0.46688518,3
YDFAFRDL,HPV16,0,0.5207265,3
YHDPETAAAL,EBV,1,0.45417678,3
YIIFVYIPL,HPV16,1,0.4664248,3
YLLEMLWRL,EBV,1,0.4772646,3
YPRNPTEQGNI,EBV,1,0.45147967,3
YRTATLRTLT,EBV,0,0.46493524,3
YSLYGTTLEQ,HPV16,1,0.47863087,3
ADRPRAWRL,EBV,0,0.49290353,4
AFLGERVTL,EBV,1,0.72122175,4
ALLVLYSFAL,EBV,1,0.09668351,4
APGWLIWTY,EBV,1,0.5864324,4
ATIGTAMYK,EBV,1,0.7251697,4
AVFDRKSVAK,EBV,1,0.53354406,4
AVFNRKSDAK,EBV,1,0.70854914,4
CLLIRPLLL,HPV16,0,0.32225809,4
CVYCKQQLLR,HPV16,1,0.15971647,4
CYSVYGTTL,HPV16,0,0.5206495,4
DIRTLEDLL,HPV16,0,0.76221746,4
DLLMGTLGIV,HPV16,1,0.26078457,4
DRAHYNIV,HPV16,1,0.9439639,4
DSAPILTAF,HPV16,1,0.40964118,4
DSTLRLCVQ,HPV16,0,0.34601405,4
DSTLRLCVQS,HPV16,0,0.2268997,4
DYMAIHRSL,EBV,0,0.8666143,4
EENLLDFVRF,EBV,1,0.8012681,4
ELQTTIHDI,HPV16,1,0.7810341,4
EPLPQGQLTAY,EBV,1,0.63570017,4
EQQYNKPLC,HPV16,1,0.9102465,4
ERLVPEESYS,EBV,0,0.53849775,4
ERPGPSEQSS,EBV,0,0.32839566,4
ESEERPPTPY,EBV,1,0.3324009,4
EVYDFAFRDL,HPV16,1,0.8760367,4
FAFRDLCIVY,HPV16,1,0.80459744,4
FARQAVWLRE,EBV,1,0.7829392,4
FCCKCDSTL,HPV16,1,0.43492612,4
FLDKGTYTL,EBV,1,0.77725226,4
FRKAQIQGL,EBV,1,0.42862168,4
GEQGYKVSLDL,EBV,1,0.6583567,4
GGDPHLPTL,EBV,0,0.13508247,4
GGDPPLPTL,EBV,0,0.49290568,4
GIRTYFVQF,HPV16,0,0.8431754,4
GQGGSPTAM,EBV,1,0.55865526,4
GSDPHLPTL,EBV,0,0.13508247,4
GTTLEQQYNK,HPV16,1,0.19243386,4
GYFTSPGGYYA,EBV,1,0.468875,4
GYQEPPAHGL,EBV,0,0.38012648,4
HPVGEADYF,EBV,1,0.5980724,4
HPVGQADYFEY,EBV,1,0.4131147,4
HRDSVDSAPI,HPV16,1,0.601924,4
HVDIRTLED,HPV16,1,0.49613664,4
IEDPPFNSI,EBV,0,0.88560534,4
IHSMNSTIL,HPV16,1,0.4462123,4
ILLARLFLY,EBV,1,0.23060648,4
IRTLEDLLMG,HPV16,0,0.9468023,4
IVTFCCKCD,HPV16,0,0.5894133,4
KCLKFYSK,HPV16,1,0.984294,4
KFYSKISEY,HPV16,1,0.6977451,4
KLGPGEEQV,EBV,1,0.69181633,4
KRAAPPTVSPS,EBV,0,0.45122397,4
KRPRVEESSH,EBV,0,0.2235144,4
LAVSKNKAL,HPV16,1,0.57547504,4
LCVQSTHVD,HPV16,0,0.6905284,4
LIPETVPYI,EBV,0,0.63550293,4
LLARSHVER,EBV,1,0.87922955,4
LLDFVRFMGV,EBV,1,0.722565,4
LLDFVRFMGY,EBV,1,0.722565,4
LLIRCINCQK,HPV16,1,0.37995443,4
LLSVSTYTS,HPV16,1,0.35469672,4
LPLDLSVILF,EBV,1,0.7454721,4
LPRAWLQRL,EBV,1,0.5877834,4
LQHYREVAA,EBV,1,0.76534903,4
LQTTIHDII,HPV16,1,0.8259569,4
LYLQQNWWTL,EBV,1,0.18636902,4
LYNLRRGTAL,EBV,0,0.104933254,4
MGSLEMLPM,EBV,0,0.8767707,4
MGSLEVMPM,EBV,1,0.8554389,4
MTNLDTAST,HPV16,0,0.6998102,4
NTTPIVHLK,HPV16,1,0.41448817,4
PKFENIAEGLR,EBV,1,0.3284017,4
PRLQLSLVPL,EBV,0,0.5588161,4
PRVEESSHGP,EBV,0,0.27407664,4
PRYEDPDAPL,EBV,0,0.49973336,4
PVFDRKSDAK,EBV,1,0.8586021,4
QAEPDRAHY,HPV16,1,0.58697087,4
QERPRKLPQL,HPV16,1,0.13156977,4
QLLQHYREV,EBV,1,0.99759537,4
QNGALAINT,EBV,1,0.82592946,4
QQNWWTLLV,EBV,1,0.9679001,4
QQYNKPLCDL,HPV16,1,0.3968147,4
QVATEGLAK,EBV,1,0.8175859,4
QYNKPLCDL,HPV16,1,0.75838804,4
QYNKPLCDLL,HPV16,1,0.17782718,4
RAHNIVYTIF,HPV16,1,0.46771985,4
RAHYSIVTF,HPV16,0,0.8884644,4
RAKFKHLLQ,EBV,1,0.8161929,4
RPGRPLAGFYA,EBV,1,0.43043807,4
RPLLLSVST,HPV16,0,0.70924556,4
RPQKRPSCI,EBV,1,0.61884815,4
RPRPPARSL,EBV,1,0.43008047,4
RRARSLSAERY,EBV,1,0.23438898,4
RRGACVVYDD,EBV,0,0.49813598,4
RRGIKEHVIQ,EBV,0,0.3760348,4
RRQKRAAPPT,EBV,0,0.19285436,4
RVRAYTYSK,EBV,1,0.5085624,4
RWTGRCMSCC,HPV16,1,0.1489633,4
RYSIFFDYM,EBV,1,0.88214976,4
SAFRCFIVY,HPV16,1,0.9288159,4
SELEIKRY,EBV,1,0.88807714,4
SIVCYFMVFL,EBV,0,0.75651413,4
SRRRRGACVV,EBV,0,0.28988242,4
SRVHGNGTL,EBV,1,0.79137325,4
SSCSSCPLSK,EBV,1,0.6832686,4
SVFYRKPDTK,EBV,0,0.76063985,4
THIFAEVLKD,EBV,1,0.59980106,4
THVDIRTLED,HPV16,0,0.44460067,4
TLDTKPLSV,EBV,1,0.58060974,4
TLGIVCPI,HPV16,1,0.79842323,4
TLQDVSLEV,HPV16,1,0.78188264,4
TLRLCVQSTH,HPV16,0,0.41258007,4
TLVDVRAIK,EBV,1,0.7711766,4
TPTLHEYML,HPV16,1,0.8866031,4
TSFESHDIDHY,EBV,1,0.21580866,4
TVMSNTLLSAW,EBV,1,0.42354107,4
TYPLREVATL,EBV,0,0.103507735,4
TYPVLEEMF,EBV,1,0.91814804,4
VFGQQAYFY,EBV,1,0.8370555,4
VLFGLLCLL,EBV,1,0.70923597,4
VLLLWITAA,HPV16,1,0.787037,4
VMSDWTGGALL,EBV,1,0.7880263,4
VPAPAGPIV,EBV,1,0.6127074,4
VQPPQLTQV,EBV,1,0.5745426,4
VQSTHVDIR,HPV16,0,0.25495428,4
VQSTHVDIRT,HPV16,0,0.6885494,4
VRFMGVMSSC,EBV,0,0.41634858,4
VSFIEFVGW,EBV,1,0.6792955,4
VTLAHAGYY,EBV,1,0.32662436,4
VYDFAFQDL,HPV16,1,0.98271024,4
WQWEHIPPA,EBV,1,0.31864426,4
YCIHNITGV,HPV16,1,0.8456124,4
YICEEASVTVV,HPV16,1,0.8531802,4
YLLEILWRL,EBV,1,0.68262863,4
YLLEMIWRL,EBV,0,0.71652484,4
YLQQNWWTL,EBV,1,0.9650492,4
YNIVTFCCK,HPV16,0,0.22922064,4
YNIVTFCCKC,HPV16,1,0.1897124,4
YNLRRGTAL,EBV,1,0.6026063,4
YPLHEQYGM,EBV,1,0.57341945,4
YVHEGIRTY,HPV16,1,0.66201293,4
AAFDRKSDAK,EBV,1,0.5604689,5
AARQRLQDI,EBV,1,0.547572,5
AEGGVGWRHW,EBV,1,0.5383703,5
AENAGNDAC,EBV,1,0.5229724,5
AGVDNRECI,HPV16,1,0.5547379,5
ALDGNLVSMDV,HPV16,1,0.4959878,5
ALYLQQNWW,EBV,1,0.5191278,5
APENAYQAY,EBV,1,0.53463197,5
APRAWISSL,EBV,1,0.4991004,5
ARCSQATAEA,EBV,0,0.48546174,5
ARTLNTFSAT,EBV,0,0.48651317,5
ATLNICNFW,EBV,0,0.53742564,5
CCKCDSTLRLC,HPV16,1,0.48206413,5
CDSTLRLCV,HPV16,1,0.5154384,5
CDSTLRLCVQ,HPV16,0,0.50607395,5
CLGGLITMV,EBV,1,0.5069091,5
CPEEKQRHL,HPV16,1,0.5695936,5
CPLSKILL,EBV,1,0.5610993,5
CRAKFKHLL,EBV,1,0.5106814,5
CRAKFKQLL,EBV,1,0.51898736,5
CYFMVFLQT,EBV,0,0.5411965,5
DEVEFLGHY,EBV,1,0.5551033,5
DLYCYEQL,HPV16,1,0.5339736,5
DLYCYEQLND,HPV16,1,0.50168025,5
DYCNVKNKEF,EBV,1,0.5149567,5
DYCNVLNKEF,EBV,1,0.52292776,5
DYNFVKQLF,EBV,1,0.5287362,5
EENLLDFVRFM,EBV,1,0.52939194,5
EENLLDVFRM,EBV,1,0.46351984,5
ERYAREAEVR,EBV,0,0.521374,5
ETFTETWNR,EBV,1,0.4664288,5
EYMLDLQPET,HPV16,1,0.48280236,5
FGQLTPHTKAV,EBV,1,0.49526522,5
FLGKYIKVKK,EBV,1,0.49359137,5
FLLAMTSLR,EBV,1,0.49996346,5
FLLCFCVLL,HPV16,1,0.50719345,5
FLQRTDLSY,EBV,0,0.5154951,5
FLYALALL,EBV,1,0.54227865,5
FMVFLQTHI,EBV,1,0.54367936,5
FRKAQIQGLS,EBV,0,0.48816234,5
FYNIPPMPL,EBV,0,0.4804112,5
GDTPTLHEY,HPV16,1,0.5209516,5
GGDPHVPTL,EBV,0,0.4875652,5
GIVCPICSQK,HPV16,1,0.49264887,5
GLGTLGAAL,EBV,1,0.5206711,5
GPGPQPGPL,EBV,0,0.49540836,5
GYRTATLRTL,EBV,0,0.50732166,5
HTHARFLIT,HPV16,0,0.5313885,5
HYNIVTFCC,HPV16,0,0.49608624,5
ICWGNQLFV,HPV16,1,0.5148256,5
IEDPPFNSL,EBV,1,0.5229296,5
IIIILIIFI,EBV,1,0.5488128,5
ILIYNGWYA,EBV,1,0.49911898,5
ILYFIAFAL,EBV,0,0.50527585,5
IRTLEDLLMGT,HPV16,1,0.48671448,5
IVTDFSVIN,EBV,1,0.51857466,5
IVTFCCKCDS,HPV16,0,0.53985953,5
IVYRDGNPY,HPV16,0,0.4980644,5
KCLKFYSKI,HPV16,1,0.5304704,5
KEHVIQNAF,EBV,1,0.49610254,5
KEHVIQNAFRK,EBV,1,0.46820208,5
KLLRYASAK,EBV,1,0.50491667,5
KLLTPVTVL,EBV,0,0.49240816,5
KLVCSEPLVK,EBV,1,0.5012762,5
KRPPIFIRR,EBV,1,0.524604,5
LEKARGSTY,EBV,1,0.48760992,5
LLDFVRFMG,EBV,1,0.50512624,5
LLLIALWNL,EBV,1,0.4970967,5
LLRREVYDF,HPV16,0,0.50082177,5
LLVDLLWLL,EBV,1,0.50586003,5
LLWTLVLL,EBV,0,0.5598136,5
LMIIPLINV,EBV,1,0.49835876,5
LPPHDITPY,EBV,1,0.5369487,5
LRLCVQSTHV,HPV16,0,0.5196288,5
LSIFDTSLF,EBV,0,0.52367604,5
LTAGFLIFL,EBV,1,0.5318269,5
LYALALLLL,EBV,1,0.5113147,5
LYNLRRGTA,EBV,0,0.5141513,5
MRERQLPQST,EBV,0,0.50776815,5
NAAEPEQPW,EBV,0,0.52453905,5
NIAEGLRAL,EBV,0,0.5163887,5
NPYAVCDKCL,HPV16,1,0.49934104,5
NYNPGTLSSL,EBV,0,0.5047977,5
PRAPHLPPQW,EBV,0,0.48395294,5
PRIMAPPVVR,EBV,0,0.5169312,5
QAKWRLQTL,EBV,1,0.53829247,5
QIFNKPYWL,HPV16,1,0.536732,5
QLLRREVYDF,HPV16,1,0.5404913,5
QPAPENAYQAY,EBV,1,0.49840674,5
QPRAPIRPIT,EBV,1,0.48760822,5
QRIRRRRRRR,EBV,0,0.54721206,5
QRPVMFVSRV,EBV,0,0.49508795,5
QRSGRRQKRA,EBV,0,0.54159176,5
QRSYVSGVL,EBV,1,0.5524654,5
QSTHVDIRT,HPV16,0,0.5402186,5
QSTHVDIRTL,HPV16,0,0.5232951,5
QTAAAVVF,EBV,1,0.55759376,5
RAHYNIVTE,HPV16,1,0.53157157,5
RALIDEFMSV,EBV,1,0.4897144,5
RPPIFIRRLH,EBV,1,0.51398516,5
RPRKLPQLC,HPV16,1,0.49156806,5
RPRNRYSQL,EBV,1,0.5419695,5
RRIYDLIEL,EBV,1,0.54134244,5
SEYRHYCYSL,HPV16,1,0.5598706,5
SFLTALKRFL,HPV16,1,0.5637699,5
SLGGLLTMV,EBV,1,0.50705844,5
SRQSPDNERG,EBV,0,0.5207018,5
SSCSSCPL,EBV,1,0.5466043,5
STHVDIRTL,HPV16,1,0.48729306,5
SVRDRLAR,EBV,0,0.5631009,5
SYAAAQRKLL,EBV,1,0.50000924,5
THVDIRTLE,HPV16,1,0.5212556,5
TLGIVCPIC,HPV16,1,0.4880888,5
TLHEYMLDL,HPV16,1,0.5127359,5
TLLACFLLC,HPV16,0,0.5247078,5
TLLQQYCLYL,HPV16,1,0.5672842,5
TLLVDLLWL,EBV,1,0.5071697,5
TLRLCVQST,HPV16,0,0.49690542,5
TLYTAVSST,HPV16,1,0.52461404,5
TPRPVSRFL,EBV,1,0.5420085,5
TPSVSSSISSL,EBV,1,0.48454872,5
TVCGGIMFL,EBV,1,0.5346385,5
TYWQLNQNL,EBV,1,0.51278716,5
TYWQLNQNLL,EBV,0,0.50438154,5
VCDKCLKFY,HPV16,1,0.5654737,5
VLKDAIKDL,EBV,1,0.5289491,5
VQRTFGVPRRQ,EBV,1,0.47482005,5
VSTAPTGSWF,EBV,1,0.5225276,5
VYDFAFRDLC,HPV16,1,0.5589719,5
VYRDGNPYA,HPV16,1,0.5551824,5
WNLHGQALFL,EBV,1,0.5565172,5
WRHWLLTSPS,EBV,0,0.5201412,5
YFLEILWRL,EBV,0,0.50558823,5
YHLIVDTDSL,EBV,1,0.49810866,5
YLHNRLVVF,HPV16,1,0.5113332,5
YPKHEQHGM,EBV,0,0.5392568,5
YPLHEQRGM,EBV,1,0.54481965,5
YQCYNAVKM,EBV,1,0.5028007,5
YRDGNPYAV,HPV16,1,0.49450263,5
YYHAGTSRL,HPV16,1,0.5057373,5
