peptide,virus,label,score,fold,method,feature_mode
AARDRFPGL,EBV,1,0.84,1,RandomForest,30
AFRDLCIVY,HPV16,1,0.69,1,RandomForest,30
AHYNIVTFCC,HPV16,1,0.525,1,RandomForest,30
ALQAIELQL,HPV16,1,0.785,1,RandomForest,30
AMFQDPQER,HPV16,0,0.9,1,RandomForest,30
APKTPDACL,EBV,1,0.94,1,RandomForest,30
APRLPDDPI,EBV,1,0.705,1,RandomForest,30
APRQWPMPL,EBV,1,0.78,1,RandomForest,30
APVPPPEPL,EBV,1,0.805,1,RandomForest,30
AVLLHEESL,EBV,1,0.615,1,RandomForest,30
AVLLHEESM,EBV,1,0.705,1,RandomForest,30
AVYGTDLAWVL,EBV,1,0.8,1,RandomForest,30
AYRRRWRRL,EBV,1,0.7,1,RandomForest,30
CFLLCFCVL,HPV16,0,0.405,1,RandomForest,30
CLGGLLTMN,EBV,1,0.46,1,RandomForest,30
CLGLLTMV,EBV,1,0.805,1,RandomForest,30
CSSCPLSK,EBV,1,0.58,1,RandomForest,30
CVQSTHVDI,HPV16,0,0.76,1,RandomForest,30
CYSLYGTTL,HPV16,1,0.31,1,RandomForest,30
DHEGFACLTVE,EBV,1,0.725,1,RandomForest,30
DKKQRFHNI,HPV16,0,0.825,1,RandomForest,30
DPYQVPFVQAF,EBV,1,0.78,1,RandomForest,30
DTPLIPLTIF,EBV,1,0.66,1,RandomForest,30
DYSQGAFTPL,EBV,0,0.71,1,RandomForest,30
EGGVGWRHW,EBV,1,0.81,1,RandomForest,30
EPRYTYWQL,EBV,1,0.88,1,RandomForest,30
ERQLPQSTGR,EBV,0,0.365,1,RandomForest,30
EYHQEGGPDG,EBV,1,0.53,1,RandomForest,30
EYLLGRFSVL,EBV,1,0.705,1,RandomForest,30
EYRHYCYSL,HPV16,1,0.52,1,RandomForest,30
FAFRDLCIVYR,HPV16,1,0.835,1,RandomForest,30
FELSQMVQW,HPV16,1,0.765,1,RandomForest,30
FIVYIIFVY,HPV16,0,0.56,1,RandomForest,30
FLSQVKIPKT,HPV16,1,0.865,1,RandomForest,30
FRRDLLCPLGA,EBV,1,0.61,1,RandomForest,30
FYRSLLTIL,EBV,0,0.675,1,RandomForest,30
GDDPHLPTL,EBV,0,0.355,1,RandomForest,30
GIDPHLPTL,EBV,0,0.395,1,RandomForest,30
GPKVKRPPI,EBV,1,0.815,1,RandomForest,30
GRWTGRCM,HPV16,1,0.825,1,RandomForest,30
GRWTGRCMSC,HPV16,1,0.71,1,RandomForest,30
GTDPHLPTL,EBV,0,0.525,1,RandomForest,30
HEYMLDLQPET,HPV16,1,0.38,1,RandomForest,30
HHIWQNLL,EBV,1,0.795,1,RandomForest,30
HLAAQGMAY,EBV,1,0.92,1,RandomForest,30
HPAATHTKAV,HPV16,1,0.86,1,RandomForest,30
HPVGEADY,EBV,1,0.735,1,RandomForest,30
HRCQAIRK,EBV,1,0.525,1,RandomForest,30
HVSTAPTGSW,EBV,1,0.715,1,RandomForest,30
HYNIVTFCCK,HPV16,1,0.69,1,RandomForest,30
HYQTLCTNF,EBV,0,0.545,1,RandomForest,30
IALYLQQNW,EBV,1,0.815,1,RandomForest,30
IFVYIPLFL,HPV16,1,0.64,1,RandomForest,30
IILECVYCK,HPV16,1,0.92,1,RandomForest,30
ILTAFNSSHK,HPV16,1,0.83,1,RandomForest,30
IPQCRLTPL,EBV,1,0.85,1,RandomForest,30
IPRSTVKVTV,EBV,1,0.805,1,RandomForest,30
IRPIPTRFPP,EBV,0,0.57,1,RandomForest,30
IVCPICSQK,HPV16,1,0.82,1,RandomForest,30
IVTDLSVIK,EBV,0,0.735,1,RandomForest,30
IVYIIFVYI,HPV16,0,0.775,1,RandomForest,30
KGDANTLKCL,HPV16,1,0.36,1,RandomForest,30
KRTNVKTSDR,EBV,0,0.24,1,RandomForest,30
LASAMRML,EBV,1,0.75,1,RandomForest,30
LEDLLMGTLGI,HPV16,1,0.8,1,RandomForest,30
LLQHYREVAA,EBV,1,0.86,1,RandomForest,30
LLVIVAPYL,EBV,0,0.68,1,RandomForest,30
LLWTLVVLL,EBV,1,0.81,1,RandomForest,30
LPCVLWPVL,EBV,1,0.755,1,RandomForest,30
LPQGQLTAY,EBV,0,0.935,1,RandomForest,30
LQTHIFAEV,EBV,1,0.795,1,RandomForest,30
LRTLTPVPNR,EBV,0,0.445,1,RandomForest,30
LSRLPFGMA,EBV,1,0.66,1,RandomForest,30
LSVSTYTSL,HPV16,1,0.38,1,RandomForest,30
LVLLLWITA,HPV16,0,0.275,1,RandomForest,30
MRAGREITQM,EBV,0,0.375,1,RandomForest,30
NDYHHFKTI,EBV,1,0.76,1,RandomForest,30
NPCHTTKLL,HPV16,1,0.815,1,RandomForest,30
NPRLPVCNL,EBV,1,0.78,1,RandomForest,30
NSIIMLGQDDF,EBV,1,0.775,1,RandomForest,30
PARSLREWEL,EBV,0,0.725,1,RandomForest,30
PGPGPQPGPL,EBV,0,0.275,1,RandomForest,30
PLFDRKSDAK,EBV,1,0.81,1,RandomForest,30
PRAPIRPIPT,EBV,0,0.42,1,RandomForest,30
PRPSWAPSVC,EBV,0,0.535,1,RandomForest,30
PRSQHPCYR,EBV,0,0.465,1,RandomForest,30
PSDSAGNDG,EBV,1,0.665,1,RandomForest,30
QHLANHPAA,HPV16,0,0.53,1,RandomForest,30
QLTPHTKAV,EBV,0,0.82,1,RandomForest,30
QRLQDIRRGPL,EBV,0,0.665,1,RandomForest,30
QRRYRRIYDL,EBV,0,0.24,1,RandomForest,30
QTHIFAEVL,EBV,0,0.615,1,RandomForest,30
RRIFDLIEL,EBV,1,0.93,1,RandomForest,30
RRLTVCGGIMF,EBV,1,0.555,1,RandomForest,30
RRPNHMNVL,EBV,1,0.675,1,RandomForest,30
RRYPYPAR,HPV16,1,0.775,1,RandomForest,30
RSSRTRRETQ,HPV16,0,0.885,1,RandomForest,30
RTAMFQDPQ,HPV16,1,0.485,1,RandomForest,30
RTAMFQDPQER,HPV16,1,0.765,1,RandomForest,30
RYKNRVASR,EBV,1,0.605,1,RandomForest,30
RYRFKKHCTL,HPV16,0,0.68,1,RandomForest,30
RYSESGQFHAF,EBV,1,0.545,1,RandomForest,30
SEIAYKYAQL,HPV16,1,0.805,1,RandomForest,30
SFDDGVDL,EBV,1,0.55,1,RandomForest,30
SPEIIRQHL,HPV16,1,0.855,1,RandomForest,30
SPRHYSTDL,EBV,1,0.8,1,RandomForest,30
SQAPLPCVL,EBV,1,0.69,1,RandomForest,30
SRVPAKKPRK,EBV,0,0.56,1,RandomForest,30
SSCSSCPLS,EBV,1,0.6,1,RandomForest,30
STLRLCVQS,HPV16,0,0.51,1,RandomForest,30
STYTSLIIL,HPV16,1,0.525,1,RandomForest,30
SYKTLREFF,EBV,1,0.855,1,RandomForest,30
SYVKQPLCLL,EBV,0,0.61,1,RandomForest,30
TIHDIILEC,HPV16,1,0.845,1,RandomForest,30
TLDYKPLSV,EBV,1,0.77,1,RandomForest,30
TLFIGSHVV,EBV,1,0.695,1,RandomForest,30
TRFPPPPMPL,EBV,0,0.48,1,RandomForest,30
TTLEQQYNK,HPV16,1,0.865,1,RandomForest,30
TYGPVFMSL,EBV,1,0.75,1,RandomForest,30
TYTSGEACL,EBV,1,0.46,1,RandomForest,30
VCLLIRPLL,HPV16,1,0.555,1,RandomForest,30
VCPICSQKP,HPV16,1,0.585,1,RandomForest,30
VEDLFGANL,EBV,1,0.8,1,RandomForest,30
VFSDGRVAC,EBV,1,0.805,1,RandomForest,30
VLLCVCLLI,HPV16,1,0.815,1,RandomForest,30
VMATLLPPV,EBV,1,0.78,1,RandomForest,30
VMSNTLLSAW,EBV,1,0.78,1,RandomForest,30
VTFCCKCDS,HPV16,0,0.51,1,RandomForest,30
VYCKQQLL,HPV16,1,0.87,1,RandomForest,30
VYDFAFRDL,HPV16,1,0.92,1,RandomForest,30
VYDSMLQSDL,EBV,0,0.465,1,RandomForest,30
VYLTAPTGCI,HPV16,0,0.57,1,RandomForest,30
WITAASAFR,HPV16,0,0.46,1,RandomForest,30
WPYLHNRLV,HPV16,1,0.87,1,RandomForest,30
WQLLAFFLA,EBV,1,0.77,1,RandomForest,30
YAVCDKCLKF,HPV16,1,0.785,1,RandomForest,30
YCYSLYGTTL,HPV16,0,0.79,1,RandomForest,30
YPLHEQHGM,EBV,1,0.85,1,RandomForest,30
YRFKKHCTL,HPV16,1,0.695,1,RandomForest,30
YRHPWAPWSQ,EBV,0,0.56,1,RandomForest,30
YRSGIIAVV,EBV,1,0.85,1,RandomForest,30
AASAFRCFI,HPV16,0,0.46,2,RandomForest,30
AHYNIVTFC,HPV16,0,0.67,2,RandomForest,30
AHYNIVTFCCK,HPV16,1,0.73,2,RandomForest,30
APQPAPENAY,EBV,1,0.895,2,RandomForest,30
ARPRIMAPPV,EBV,0,0.51,2,RandomForest,30
ARRGIKEHVI,EBV,0,0.49,2,RandomForest,30
ARYAYYLQF,EBV,1,0.87,2,RandomForest,30
AVARNTDIL,EBV,1,0.735,2,RandomForest,30
AVCDKCLKFY,HPV16,1,0.75,2,RandomForest,30
AYAEATSSL,EBV,0,0.6,2,RandomForest,30
AYQAYAAPQL,EBV,0,0.79,2,RandomForest,30
CCKCDSTL,HPV16,1,0.59,2,RandomForest,30
CLGGLLTML,EBV,1,0.835,2,RandomForest,30
CLGGLLYMV,EBV,1,0.9,2,RandomForest,30
CRAVKQSHLQ,EBV,0,0.16,2,RandomForest,30
CVCLLIRPL,HPV16,0,0.62,2,RandomForest,30
CVLLCVCLL,HPV16,0,0.72,2,RandomForest,30
CVYCKQQLL,HPV16,1,0.685,2,RandomForest,30
CYDHAQTHL,EBV,1,0.865,2,RandomForest,30
DIRTLEDL,HPV16,0,0.83,2,RandomForest,30
DLLMGTLGIVC,HPV16,1,0.575,2,RandomForest,30
DYDASTESEL,EBV,0,0.68,2,RandomForest,30
EDLLMGTLGIV,HPV16,1,0.475,2,RandomForest,30
EQKRAAQRA,EBV,1,0.515,2,RandomForest,30
EVLKDAIKD,EBV,1,0.705,2,RandomForest,30
FLGERVTLT,EBV,1,0.81,2,RandomForest,30
FLYALALLL,EBV,1,0.865,2,RandomForest,30
FTYPVLEEM,EBV,0,0.83,2,RandomForest,30
FYMTHGLGTL,EBV,0,0.51,2,RandomForest,30
FYPLATYPL,EBV,0,0.63,2,RandomForest,30
GAGPHLPTL,EBV,0,0.425,2,RandomForest,30
GCDPHLPTL,EBV,0,0.255,2,RandomForest,30
GPREQERYAR,EBV,0,0.65,2,RandomForest,30
GRKPQCFWEM,EBV,0,0.32,2,RandomForest,30
GRRQKRAAPPT,EBV,0,0.225,2,RandomForest,30
GTLGIVCPI,HPV16,1,0.75,2,RandomForest,30
GYDVGHGPL,EBV,0,0.645,2,RandomForest,30
HAMHISTGL,EBV,0,0.88,2,RandomForest,30
HDIILECV,HPV16,1,0.905,2,RandomForest,30
HDIILECVY,HPV16,1,0.885,2,RandomForest,30
HGDTPTLHEY,HPV16,1,0.835,2,RandomForest,30
HISTGLSIF,EBV,0,0.73,2,RandomForest,30
HNIRGRWTGR,HPV16,1,0.745,2,RandomForest,30
HPVGDADYFEY,EBV,1,0.92,2,RandomForest,30
HYKEIPRLF,EBV,1,0.725,2,RandomForest,30
IILVLLLWI,HPV16,1,0.725,2,RandomForest,30
ILTDFSVIK,EBV,1,0.73,2,RandomForest,30
IRDAACRAVK,EBV,0,0.635,2,RandomForest,30
IRRGPLVAEG,EBV,0,0.46,2,RandomForest,30
ISEYRHYCY,HPV16,1,0.825,2,RandomForest,30
IVKQRRWKL,EBV,1,0.685,2,RandomForest,30
IVTDFSVIR,EBV,1,0.71,2,RandomForest,30
IVTDFSVIT,EBV,1,0.835,2,RandomForest,30
IYVLVMLVL,EBV,1,0.74,2,RandomForest,30
IYVLVMLVLL,EBV,1,0.515,2,RandomForest,30
KCRAKFKQL,EBV,1,0.7,2,RandomForest,30
KFKQLLQHY,EBV,1,0.69,2,RandomForest,30
KIVTNILIY,EBV,1,0.875,2,RandomForest,30
KLPHLCTEL,HPV16,1,0.625,2,RandomForest,30
KQPLCLLAAY,EBV,1,0.855,2,RandomForest,30
KRPPIFIRRL,EBV,1,0.69,2,RandomForest,30
LCVQSTHVDI,HPV16,1,0.47,2,RandomForest,30
LIVAAIVFI,EBV,1,0.93,2,RandomForest,30
LLSAWILTA,EBV,1,0.925,2,RandomForest,30
LLYDSPATL,EBV,1,0.895,2,RandomForest,30
LPRDTGPEL,EBV,1,0.945,2,RandomForest,30
LPVIVAPYL,EBV,1,0.92,2,RandomForest,30
LQDVSLEVY,HPV16,1,0.805,2,RandomForest,30
LQPETTDLY,HPV16,1,0.675,2,RandomForest,30
LRGKWQRRYR,EBV,1,0.65,2,RandomForest,30
LTAPTGCIKK,HPV16,1,0.665,2,RandomForest,30
LYNLRRGIAL,EBV,0,0.64,2,RandomForest,30
LYTGLAQAL,EBV,0,0.58,2,RandomForest,30
MGSLEMMPM,EBV,0,0.67,2,RandomForest,30
MLDLQPETT,HPV16,1,0.79,2,RandomForest,30
NGALAINTF,EBV,1,0.71,2,RandomForest,30
NKPLCDLLI,HPV16,1,0.24,2,RandomForest,30
NNLPNDVFREA,EBV,1,0.735,2,RandomForest,30
NRGWMQRIRR,EBV,0,0.375,2,RandomForest,30
NRVGADSIML,EBV,0,0.565,2,RandomForest,30
PDRAHYNIV,HPV16,1,0.58,2,RandomForest,30
PLFLIHTHA,HPV16,0,0.66,2,RandomForest,30
PLSRLPFGM,EBV,1,0.635,2,RandomForest,30
PRGDATSETS,EBV,0,0.29,2,RandomForest,30
PRKLPWPTPK,EBV,0,0.55,2,RandomForest,30
PYAVCDKCL,HPV16,1,0.51,2,RandomForest,30
PYLFWLAA,EBV,1,0.83,2,RandomForest,30
QLSPLLGAV,EBV,1,0.85,2,RandomForest,30
QPRAPIRPIPT,EBV,1,0.76,2,RandomForest,30
QVDYYGLYY,HPV16,1,0.805,2,RandomForest,30
QVILCPTSV,HPV16,1,0.76,2,RandomForest,30
RCINCQKPL,HPV16,0,0.835,2,RandomForest,30
RFIAQLLLL,EBV,1,0.71,2,RandomForest,30
RHLDKKQRF,HPV16,1,0.64,2,RandomForest,30
RLCVQSTHVD,HPV16,0,0.3,2,RandomForest,30
RLRAEAQVK,EBV,1,0.685,2,RandomForest,30
RPFKSNKST,HPV16,1,0.79,2,RandomForest,30
RPQKRPSCIGC,EBV,1,0.71,2,RandomForest,30
RPRKLPQLCT,HPV16,1,0.725,2,RandomForest,30
RPTELQPTP,EBV,1,0.86,2,RandomForest,30
RRRWRRLTV,EBV,1,0.615,2,RandomForest,30
RRWRRLTVC,EBV,1,0.44,2,RandomForest,30
RTLEDLLMGT,HPV16,1,0.855,2,RandomForest,30
RTLEDLLMGTL,HPV16,1,0.705,2,RandomForest,30
RYEDPDAPL,EBV,0,0.57,2,RandomForest,30
SCSSCPLSK,EBV,1,0.895,2,RandomForest,30
SLFDRKSDAK,EBV,1,0.805,2,RandomForest,30
SLREWLLRI,EBV,1,0.89,2,RandomForest,30
SLTRDDAEYL,EBV,1,0.775,2,RandomForest,30
SRDQQPWGQS,EBV,0,0.14,2,RandomForest,30
SSPEIIRQHL,HPV16,0,0.71,2,RandomForest,30
STAPTGSWF,EBV,1,0.71,2,RandomForest,30
STHVDIRTLE,HPV16,1,0.565,2,RandomForest,30
STLRLCVQST,HPV16,0,0.38,2,RandomForest,30
SVRDRLARL,EBV,1,0.815,2,RandomForest,30
SVSTYTSLI,HPV16,0,0.565,2,RandomForest,30
SYAAAQRKL,EBV,1,0.745,2,RandomForest,30
SYVKQPLCL,EBV,0,0.695,2,RandomForest,30
TLEDLLMGT,HPV16,1,0.84,2,RandomForest,30
TTIHDIILECV,HPV16,1,0.8,2,RandomForest,30
TVFYNIPPMPL,EBV,1,0.75,2,RandomForest,30
TYGPVFMCL,EBV,1,0.64,2,RandomForest,30
VPRPRFSAL,EBV,1,0.925,2,RandomForest,30
VQTAAAVVF,EBV,1,0.765,2,RandomForest,30
VRFLRGKWQR,EBV,0,0.385,2,RandomForest,30
VYAASFSPNL,EBV,0,0.62,2,RandomForest,30
VYGGSKTSL,EBV,1,0.76,2,RandomForest,30
WAKWRLQTL,EBV,1,0.785,2,RandomForest,30
WPRTTPTFL,EBV,1,0.88,2,RandomForest,30
WPTTPPRPI,HPV16,1,0.815,2,RandomForest,30
YGTTLEQQY,HPV16,1,0.61,2,RandomForest,30
YICEEASVTV,HPV16,1,0.83,2,RandomForest,30
YLTAPTGCI,HPV16,1,0.83,2,RandomForest,30
YMLDLQPETT,HPV16,1,0.83,2,RandomForest,30
YMLDLQPETTD,HPV16,1,0.645,2,RandomForest,30
YNLRRGIAL,EBV,1,0.835,2,RandomForest,30
YQVPFVQAF,EBV,1,0.8,2,RandomForest,30
YRHYCYSL,HPV16,1,0.71,2,RandomForest,30
YSKNKVWEV,HPV16,1,0.78,2,RandomForest,30
YTDHQTTPT,EBV,0,0.81,2,RandomForest,30
YYVHEGIRTY,HPV16,1,0.775,2,RandomForest,30
AEVLKDAI,EBV,0,0.71,3,RandomForest,30
AGNDGGPPQ,EBV,1,0.565,3,RandomForest,30
AHYNIVTF,HPV16,1,0.875,3,RandomForest,30
ALAIPQCRL,EBV,0,0.725,3,RandomForest,30
ALLTLAAAL,EBV,0,0.765,3,RandomForest,30
ALLVLYSFA,EBV,1,0.73,3,RandomForest,30
APIFYPPVL,EBV,1,0.845,3,RandomForest,30
AREAEVRFLR,EBV,0,0.88,3,RandomForest,30
ARNIRDAACR,EBV,0,0.46,3,RandomForest,30
ARQRLQDIRR,EBV,0,0.595,3,RandomForest,30
ATEEEEEAV,EBV,1,0.785,3,RandomForest,30
ATGMVPAVKK,EBV,1,0.785,3,RandomForest,30
AYSSWMYSY,EBV,1,0.93,3,RandomForest,30
CQKPLCPEEK,HPV16,0,0.605,3,RandomForest,30
CVQSTHVDIR,HPV16,0,0.715,3,RandomForest,30
CYENDNPGL,EBV,0,0.51,3,RandomForest,30
DRSDKAEAQS,EBV,0,0.24,3,RandomForest,30
DSNSNEGRH,EBV,1,0.535,3,RandomForest,30
DTASTTLLA,HPV16,0,0.515,3,RandomForest,30
DTPTLHEYM,HPV16,1,0.51,3,RandomForest,30
ERGDNVQTTG,EBV,0,0.205,3,RandomForest,30
ESDSNSNEG,EBV,1,0.655,3,RandomForest,30
FAFRDLCIV,HPV16,1,0.85,3,RandomForest,30
FFVTTTGQTVE,EBV,1,0.565,3,RandomForest,30
FTASVSTVV,EBV,1,0.9,3,RandomForest,30
FTPDPYQVPF,EBV,0,0.68,3,RandomForest,30
FVYGGSKTSL,EBV,1,0.835,3,RandomForest,30
FVYGGSKTSLY,EBV,1,0.865,3,RandomForest,30
FWLYIVMSD,EBV,1,0.6,3,RandomForest,30
FYISLIQGL,EBV,0,0.615,3,RandomForest,30
GGDPHLPPL,EBV,0,0.43,3,RandomForest,30
GGDTPLPTL,EBV,0,0.46,3,RandomForest,30
GLGTLGAAI,EBV,1,0.735,3,RandomForest,30
GREITQMQQE,EBV,0,0.32,3,RandomForest,30
HPVAEADYFEY,EBV,1,0.97,3,RandomForest,30
HRCQAIRKK,EBV,1,0.715,3,RandomForest,30
HRKHQDGFQR,EBV,0,0.465,3,RandomForest,30
INPISKTELQA,EBV,1,0.715,3,RandomForest,30
IQAPSNRVM,EBV,0,0.9,3,RandomForest,30
IVTDLSIIK,EBV,0,0.69,3,RandomForest,30
IYGDTDSLF,EBV,1,0.67,3,RandomForest,30
IYLLEMLWRL,EBV,0,0.77,3,RandomForest,30
KDTWLDARM,EBV,1,0.66,3,RandomForest,30
KISEYRHYC,HPV16,1,0.855,3,RandomForest,30
KLPDLCTEL,HPV16,1,0.875,3,RandomForest,30
KSAIVTLTY,HPV16,1,0.855,3,RandomForest,30
KSNSPFDFFV,EBV,1,0.81,3,RandomForest,30
LDFVRFMGV,EBV,1,0.81,3,RandomForest,30
LEDLLMGTL,HPV16,1,0.815,3,RandomForest,30
LFTFLAMAEKL,EBV,1,0.605,3,RandomForest,30
LIIPNVTLAH,EBV,1,0.84,3,RandomForest,30
LIVDAVLQL,EBV,1,0.75,3,RandomForest,30
LLDFVRMGV,EBV,1,0.895,3,RandomForest,30
LLIEGIFFI,EBV,1,0.88,3,RandomForest,30
LLMGTLGIVC,HPV16,0,0.675,3,RandomForest,30
LLQQYCLYL,HPV16,1,0.9,3,RandomForest,30
LLWAARPRL,EBV,1,0.71,3,RandomForest,30
LLWTLVVL,EBV,1,0.77,3,RandomForest,30
LMGTLGIVCPI,HPV16,1,0.58,3,RandomForest,30
LQSSLHLTA,HPV16,1,0.84,3,RandomForest,30
LRLCVQSTH,HPV16,0,0.29,3,RandomForest,30
LTEWGSGNRTY,EBV,0,0.895,3,RandomForest,30
LYGVSFSEL,HPV16,1,0.61,3,RandomForest,30
MGSLEMVPM,EBV,1,0.39,3,RandomForest,30
MHGDTPTL,HPV16,1,0.795,3,RandomForest,30
MLDLQPET,HPV16,1,0.745,3,RandomForest,30
MLLLIVAGI,EBV,0,0.79,3,RandomForest,30
NCNSNTTPI,HPV16,0,0.535,3,RandomForest,30
NIVTFCCKC,HPV16,0,0.655,3,RandomForest,30
NIVTFCCKCD,HPV16,0,0.43,3,RandomForest,30
NLDTASTTL,HPV16,1,0.795,3,RandomForest,30
PNASGMFESRW,EBV,1,0.635,3,RandomForest,30
PPCPYAESSWA,EBV,1,0.5,3,RandomForest,30
PRILAPLSAG,EBV,0,0.3,3,RandomForest,30
PYLFWLAAI,EBV,1,0.64,3,RandomForest,30
PYLFWLAAIA,EBV,1,0.55,3,RandomForest,30
QNGALAINTF,EBV,1,0.555,3,RandomForest,30
QPETTDLYCY,HPV16,0,0.68,3,RandomForest,30
QPRAPIRPI,EBV,1,0.88,3,RandomForest,30
QPRLTPPQPL,EBV,1,0.79,3,RandomForest,30
QRFHNIRGRW,HPV16,1,0.825,3,RandomForest,30
QRRYRRIYPL,EBV,0,0.12,3,RandomForest,30
QSRGDENRGW,EBV,1,0.805,3,RandomForest,30
RAHYNIVTFC,HPV16,0,0.735,3,RandomForest,30
RAKFKQLLQ,EBV,1,0.77,3,RandomForest,30
RKIYDLIEL,EBV,1,0.99,3,RandomForest,30
RLCVQSTHV,HPV16,0,0.865,3,RandomForest,30
RLECAIYYK,HPV16,1,0.97,3,RandomForest,30
RLGATIWQL,EBV,1,0.82,3,RandomForest,30
RPPIFIRLL,EBV,1,0.825,3,RandomForest,30
RPQGGSRPEFV,EBV,0,0.84,3,RandomForest,30
RPRFEHPHL,EBV,1,0.845,3,RandomForest,30
RRAALSGHLL,EBV,0,0.825,3,RandomForest,30
RRLVVTLQC,EBV,1,0.51,3,RandomForest,30
RRRKGWIPL,EBV,1,0.725,3,RandomForest,30
RRYRRIYDLI,EBV,0,0.72,3,RandomForest,30
RYAREAEVRF,EBV,0,0.685,3,RandomForest,30
RYCCYYCLTL,EBV,1,0.515,3,RandomForest,30
RYSIFFDY,EBV,1,0.73,3,RandomForest,30
SENDRLRLL,EBV,1,0.775,3,RandomForest,30
SEPDTGNPCH,HPV16,1,0.745,3,RandomForest,30
SESGQFHAF,EBV,1,0.81,3,RandomForest,30
SFFDRKSDAK,EBV,1,0.855,3,RandomForest,30
SLGGLLTMA,EBV,1,0.955,3,RandomForest,30
SLIILVLLL,HPV16,1,0.815,3,RandomForest,30
SLVIVTTFV,EBV,1,0.795,3,RandomForest,30
SMFIGTPNV,EBV,1,0.67,3,RandomForest,30
SQFPDFSVL,EBV,1,0.715,3,RandomForest,30
SRGDENRGWM,EBV,0,0.28,3,RandomForest,30
SRWPYLHNR,HPV16,1,0.85,3,RandomForest,30
SSCSSCPLSKI,EBV,1,0.66,3,RandomForest,30
SSCSSCPLSKV,EBV,1,0.71,3,RandomForest,30
SSRTRRETQL,HPV16,1,0.215,3,RandomForest,30
TFCCKCDSTL,HPV16,0,0.405,3,RandomForest,30
TLIDVCPI,HPV16,1,0.815,3,RandomForest,30
TLKCLRYRFK,HPV16,1,0.67,3,RandomForest,30
TLQDVSLEVYL,HPV16,1,0.825,3,RandomForest,30
TLTSYWRR,EBV,1,0.665,3,RandomForest,30
TLTSYWRRV,EBV,1,0.835,3,RandomForest,30
TPDPYQVPFV,EBV,1,0.875,3,RandomForest,30
TSLIILVLL,HPV16,1,0.37,3,RandomForest,30
TSSPSMPEL,EBV,1,0.585,3,RandomForest,30
TTLLACFLL,HPV16,0,0.595,3,RandomForest,30
TVARHLLGAK,EBV,1,0.925,3,RandomForest,30
TVQTAAAVVF,EBV,1,0.645,3,RandomForest,30
VDIRTLEDL,HPV16,1,0.64,3,RandomForest,30
VEITPYKPTW,EBV,1,0.73,3,RandomForest,30
VLQWASLAV,EBV,1,0.79,3,RandomForest,30
VLRYHVLLEE,EBV,1,0.655,3,RandomForest,30
VPGSETMCY,EBV,1,0.805,3,RandomForest,30
VRMFMRERQL,EBV,0,0.63,3,RandomForest,30
VVEGQVDYY,HPV16,1,0.795,3,RandomForest,30
WTLVVLLI,EBV,1,0.805,3,RandomForest,30
WYKTGISNI,HPV16,1,0.565,3,RandomForest,30
YDFAFRDL,HPV16,0,0.92,3,RandomForest,30
YHDPETAAAL,EBV,1,0.8,3,RandomForest,30
YIIFVYIPL,HPV16,1,0.655,3,RandomForest,30
YLLEMLWRL,EBV,1,0.79,3,RandomForest,30
YPRNPTEQGNI,EBV,1,0.765,3,RandomForest,30
YRTATLRTLT,EBV,0,0.555,3,RandomForest,30
YSLYGTTLEQ,HPV16,1,0.59,3,RandomForest,30
ADRPRAWRL,EBV,0,0.865,4,RandomForest,30
AFLGERVTL,EBV,1,0.79,4,RandomForest,30
ALLVLYSFAL,EBV,1,0.78,4,RandomForest,30
APGWLIWTY,EBV,1,0.78,4,RandomForest,30
ATIGTAMYK,EBV,1,0.91,4,RandomForest,30
AVFDRKSVAK,EBV,1,0.89,4,RandomForest,30
AVFNRKSDAK,EBV,1,0.92,4,RandomForest,30
CLLIRPLLL,HPV16,0,0.88,4,RandomForest,30
CVYCKQQLLR,HPV16,1,0.78,4,RandomForest,30
CYSVYGTTL,HPV16,0,0.705,4,RandomForest,30
DIRTLEDLL,HPV16,0,0.805,4,RandomForest,30
DLLMGTLGIV,HPV16,1,0.795,4,RandomForest,30
DRAHYNIV,HPV16,1,0.68,4,RandomForest,30
DSAPILTAF,HPV16,1,0.725,4,RandomForest,30
DSTLRLCVQ,HPV16,0,0.645,4,RandomForest,30
DSTLRLCVQS,HPV16,0,0.49,4,RandomForest,30
DYMAIHRSL,EBV,0,0.805,4,RandomForest,30
EENLLDFVRF,EBV,1,0.83,4,RandomForest,30
ELQTTIHDI,HPV16,1,0.805,4,RandomForest,30
EPLPQGQLTAY,EBV,1,0.8,4,RandomForest,30
EQQYNKPLC,HPV16,1,0.66,4,RandomForest,30
ERLVPEESYS,EBV,0,0.39,4,RandomForest,30
ERPGPSEQSS,EBV,0,0.325,4,RandomForest,30
ESEERPPTPY,EBV,1,0.725,4,RandomForest,30
EVYDFAFRDL,HPV16,1,0.455,4,RandomForest,30
FAFRDLCIVY,HPV16,1,0.745,4,RandomForest,30
FARQAVWLRE,EBV,1,0.68,4,RandomForest,30
FCCKCDSTL,HPV16,1,0.54,4,RandomForest,30
FLDKGTYTL,EBV,1,0.83,4,RandomForest,30
FRKAQIQGL,EBV,1,0.69,4,RandomForest,30
GEQGYKVSLDL,EBV,1,0.75,4,RandomForest,30
GGDPHLPTL,EBV,0,0.15,4,RandomForest,30
GGDPPLPTL,EBV,0,0.265,4,RandomForest,30
GIRTYFVQF,HPV16,0,0.8,4,RandomForest,30
GQGGSPTAM,EBV,1,0.74,4,RandomForest,30
GSDPHLPTL,EBV,0,0.255,4,RandomForest,30
GTTLEQQYNK,HPV16,1,0.755,4,RandomForest,30
GYFTSPGGYYA,EBV,1,0.815,4,RandomForest,30
GYQEPPAHGL,EBV,0,0.56,4,RandomForest,30
HPVGEADYF,EBV,1,0.83,4,RandomForest,30
HPVGQADYFEY,EBV,1,0.855,4,RandomForest,30
HRDSVDSAPI,HPV16,1,0.365,4,RandomForest,30
HVDIRTLED,HPV16,1,0.73,4,RandomForest,30
IEDPPFNSI,EBV,0,0.81,4,RandomForest,30
IHSMNSTIL,HPV16,1,0.65,4,RandomForest,30
ILLARLFLY,EBV,1,0.86,4,RandomForest,30
IRTLEDLLMG,HPV16,0,0.665,4,RandomForest,30
IVTFCCKCD,HPV16,0,0.49,4,RandomForest,30
KCLKFYSK,HPV16,1,0.805,4,RandomForest,30
KFYSKISEY,HPV16,1,0.845,4,RandomForest,30
KLGPGEEQV,EBV,1,0.76,4,RandomForest,30
KRAAPPTVSPS,EBV,0,0.155,4,RandomForest,30
KRPRVEESSH,EBV,0,0.295,4,RandomForest,30
LAVSKNKAL,HPV16,1,0.86,4,RandomForest,30
LCVQSTHVD,HPV16,0,0.55,4,RandomForest,30
LIPETVPYI,EBV,0,0.825,4,RandomForest,30
LLARSHVER,EBV,1,0.71,4,RandomForest,30
LLDFVRFMGV,EBV,1,0.865,4,RandomForest,30
LLDFVRFMGY,EBV,1,0.89,4,RandomForest,30
LLIRCINCQK,HPV16,1,0.765,4,RandomForest,30
LLSVSTYTS,HPV16,1,0.455,4,RandomForest,30
LPLDLSVILF,EBV,1,0.7,4,RandomForest,30
LPRAWLQRL,EBV,1,0.92,4,RandomForest,30
LQHYREVAA,EBV,1,0.85,4,RandomForest,30
LQTTIHDII,HPV16,1,0.72,4,RandomForest,30
LYLQQNWWTL,EBV,1,0.36,4,RandomForest,30
LYNLRRGTAL,EBV,0,0.42,4,RandomForest,30
MGSLEMLPM,EBV,0,0.7,4,RandomForest,30
MGSLEVMPM,EBV,1,0.63,4,RandomForest,30
MTNLDTAST,HPV16,0,0.455,4,RandomForest,30
NTTPIVHLK,HPV16,1,0.885,4,RandomForest,30
PKFENIAEGLR,EBV,1,0.675,4,RandomForest,30
PRLQLSLVPL,EBV,0,0.525,4,RandomForest,30
PRVEESSHGP,EBV,0,0.56,4,RandomForest,30
PRYEDPDAPL,EBV,0,0.355,4,RandomForest,30
PVFDRKSDAK,EBV,1,0.815,4,RandomForest,30
QAEPDRAHY,HPV16,1,0.84,4,RandomForest,30
QERPRKLPQL,HPV16,1,0.64,4,RandomForest,30
QLLQHYREV,EBV,1,0.815,4,RandomForest,30
QNGALAINT,EBV,1,0.365,4,RandomForest,30
QQNWWTLLV,EBV,1,0.84,4,RandomForest,30
QQYNKPLCDL,HPV16,1,0.69,4,RandomForest,30
QVATEGLAK,EBV,1,0.755,4,RandomForest,30
QYNKPLCDL,HPV16,1,0.385,4,RandomForest,30
QYNKPLCDLL,HPV16,1,0.57,4,RandomForest,30
RAHNIVYTIF,HPV16,1,0.64,4,RandomForest,30
RAHYSIVTF,HPV16,0,0.83,4,RandomForest,30
RAKFKHLLQ,EBV,1,0.65,4,RandomForest,30
RPGRPLAGFYA,EBV,1,0.865,4,RandomForest,30
RPLLLSVST,HPV16,0,0.5,4,RandomForest,30
RPQKRPSCI,EBV,1,0.9,4,RandomForest,30
RPRPPARSL,EBV,1,0.925,4,RandomForest,30
RRARSLSAERY,EBV,1,0.55,4,RandomForest,30
RRGACVVYDD,EBV,0,0.355,4,RandomForest,30
RRGIKEHVIQ,EBV,0,0.43,4,RandomForest,30
RRQKRAAPPT,EBV,0,0.165,4,RandomForest,30
RVRAYTYSK,EBV,1,0.855,4,RandomForest,30
RWTGRCMSCC,HPV16,1,0.52,4,RandomForest,30
RYSIFFDYM,EBV,1,0.74,4,RandomForest,30
SAFRCFIVY,HPV16,1,0.78,4,RandomForest,30
SELEIKRY,EBV,1,0.89,4,RandomForest,30
SIVCYFMVFL,EBV,0,0.85,4,RandomForest,30
SRRRRGACVV,EBV,0,0.435,4,RandomForest,30
SRVHGNGTL,EBV,1,0.47,4,RandomForest,30
SSCSSCPLSK,EBV,1,0.91,4,RandomForest,30
SVFYRKPDTK,EBV,0,0.845,4,RandomForest,30
THIFAEVLKD,EBV,1,0.825,4,RandomForest,30
THVDIRTLED,HPV16,0,0.7,4,RandomForest,30
TLDTKPLSV,EBV,1,0.93,4,RandomForest,30
TLGIVCPI,HPV16,1,0.84,4,RandomForest,30
TLQDVSLEV,HPV16,1,0.84,4,RandomForest,30
TLRLCVQSTH,HPV16,0,0.425,4,RandomForest,30
TLVDVRAIK,EBV,1,0.88,4,RandomForest,30
TPTLHEYML,HPV16,1,0.83,4,RandomForest,30
TSFESHDIDHY,EBV,1,0.83,4,RandomForest,30
TVMSNTLLSAW,EBV,1,0.775,4,RandomForest,30
TYPLREVATL,EBV,0,0.705,4,RandomForest,30
TYPVLEEMF,EBV,1,0.81,4,RandomForest,30
VFGQQAYFY,EBV,1,0.66,4,RandomForest,30
VLFGLLCLL,EBV,1,0.795,4,RandomForest,30
VLLLWITAA,HPV16,1,0.795,4,RandomForest,30
VMSDWTGGALL,EBV,1,0.775,4,RandomForest,30
VPAPAGPIV,EBV,1,0.79,4,RandomForest,30
VQPPQLTQV,EBV,1,0.715,4,RandomForest,30
VQSTHVDIR,HPV16,0,0.765,4,RandomForest,30
VQSTHVDIRT,HPV16,0,0.675,4,RandomForest,30
VRFMGVMSSC,EBV,0,0.56,4,RandomForest,30
VSFIEFVGW,EBV,1,0.84,4,RandomForest,30
VTLAHAGYY,EBV,1,0.9,4,RandomForest,30
VYDFAFQDL,HPV16,1,0.955,4,RandomForest,30
WQWEHIPPA,EBV,1,0.795,4,RandomForest,30
YCIHNITGV,HPV16,1,0.705,4,RandomForest,30
YICEEASVTVV,HPV16,1,0.895,4,RandomForest,30
YLLEILWRL,EBV,1,0.885,4,RandomForest,30
YLLEMIWRL,EBV,0,0.615,4,RandomForest,30
YLQQNWWTL,EBV,1,0.65,4,RandomForest,30
YNIVTFCCK,HPV16,0,0.835,4,RandomForest,30
YNIVTFCCKC,HPV16,1,0.585,4,RandomForest,30
YNLRRGTAL,EBV,1,0.78,4,RandomForest,30
YPLHEQYGM,EBV,1,0.755,4,RandomForest,30
YVHEGIRTY,HPV16,1,0.785,4,RandomForest,30
AAFDRKSDAK,EBV,1,0.91,5,RandomForest,30
AARQRLQDI,EBV,1,0.76,5,RandomForest,30
AEGGVGWRHW,EBV,1,0.83,5,RandomForest,30
AENAGNDAC,EBV,1,0.76,5,RandomForest,30
AGVDNRECI,HPV16,1,0.53,5,RandomForest,30
ALDGNLVSMDV,HPV16,1,0.87,5,RandomForest,30
ALYLQQNWW,EBV,1,0.735,5,RandomForest,30
APENAYQAY,EBV,1,0.905,5,RandomForest,30
APRAWISSL,EBV,1,0.855,5,RandomForest,30
ARCSQATAEA,EBV,0,0.23,5,RandomForest,30
ARTLNTFSAT,EBV,0,0.16,5,RandomForest,30
ATLNICNFW,EBV,0,0.88,5,RandomForest,30
CCKCDSTLRLC,HPV16,1,0.375,5,RandomForest,30
CDSTLRLCV,HPV16,1,0.765,5,RandomForest,30
CDSTLRLCVQ,HPV16,0,0.57,5,RandomForest,30
CLGGLITMV,EBV,1,0.96,5,RandomForest,30
CPEEKQRHL,HPV16,1,0.855,5,RandomForest,30
CPLSKILL,EBV,1,0.895,5,RandomForest,30
CRAKFKHLL,EBV,1,0.655,5,RandomForest,30
CRAKFKQLL,EBV,1,0.53,5,RandomForest,30
CYFMVFLQT,EBV,0,0.44,5,RandomForest,30
DEVEFLGHY,EBV,1,0.915,5,RandomForest,30
DLYCYEQL,HPV16,1,0.52,5,RandomForest,30
DLYCYEQLND,HPV16,1,0.38,5,RandomForest,30
DYCNVKNKEF,EBV,1,0.89,5,RandomForest,30
DYCNVLNKEF,EBV,1,0.865,5,RandomForest,30
DYNFVKQLF,EBV,1,0.825,5,RandomForest,30
EENLLDFVRFM,EBV,1,0.885,5,RandomForest,30
EENLLDVFRM,EBV,1,0.72,5,RandomForest,30
ERYAREAEVR,EBV,0,0.44,5,RandomForest,30
ETFTETWNR,EBV,1,0.895,5,RandomForest,30
EYMLDLQPET,HPV16,1,0.52,5,RandomForest,30
FGQLTPHTKAV,EBV,1,0.73,5,RandomForest,30
FLGKYIKVKK,EBV,1,0.88,5,RandomForest,30
FLLAMTSLR,EBV,1,0.915,5,RandomForest,30
FLLCFCVLL,HPV16,1,0.87,5,RandomForest,30
FLQRTDLSY,EBV,0,0.89,5,RandomForest,30
FLYALALL,EBV,1,0.85,5,RandomForest,30
FMVFLQTHI,EBV,1,0.82,5,RandomForest,30
FRKAQIQGLS,EBV,0,0.275,5,RandomForest,30
FYNIPPMPL,EBV,0,0.555,5,RandomForest,30
GDTPTLHEY,HPV16,1,0.55,5,RandomForest,30
GGDPHVPTL,EBV,0,0.255,5,RandomForest,30
GIVCPICSQK,HPV16,1,0.915,5,RandomForest,30
GLGTLGAAL,EBV,1,0.57,5,RandomForest,30
GPGPQPGPL,EBV,0,0.265,5,RandomForest,30
GYRTATLRTL,EBV,0,0.66,5,RandomForest,30
HTHARFLIT,HPV16,0,0.68,5,RandomForest,30
HYNIVTFCC,HPV16,0,0.8,5,RandomForest,30
ICWGNQLFV,HPV16,1,0.895,5,RandomForest,30
IEDPPFNSL,EBV,1,0.505,5,RandomForest,30
IIIILIIFI,EBV,1,0.76,5,RandomForest,30
ILIYNGWYA,EBV,1,0.86,5,RandomForest,30
ILYFIAFAL,EBV,0,0.795,5,RandomForest,30
IRTLEDLLMGT,HPV16,1,0.24,5,RandomForest,30
IVTDFSVIN,EBV,1,0.8,5,RandomForest,30
IVTFCCKCDS,HPV16,0,0.395,5,RandomForest,30
IVYRDGNPY,HPV16,0,0.815,5,RandomForest,30
KCLKFYSKI,HPV16,1,0.75,5,RandomForest,30
KEHVIQNAF,EBV,1,0.835,5,RandomForest,30
KEHVIQNAFRK,EBV,1,0.855,5,RandomForest,30
KLLRYASAK,EBV,1,0.835,5,RandomForest,30
KLLTPVTVL,EBV,0,0.695,5,RandomForest,30
KLVCSEPLVK,EBV,1,0.89,5,RandomForest,30
KRPPIFIRR,EBV,1,0.93,5,RandomForest,30
LEKARGSTY,EBV,1,0.765,5,RandomForest,30
LLDFVRFMG,EBV,1,0.785,5,RandomForest,30
LLLIALWNL,EBV,1,0.705,5,RandomForest,30
LLRREVYDF,HPV16,0,0.61,5,RandomForest,30
LLVDLLWLL,EBV,1,0.89,5,RandomForest,30
LLWTLVLL,EBV,0,0.9,5,RandomForest,30
LMIIPLINV,EBV,1,0.835,5,RandomForest,30
LPPHDITPY,EBV,1,0.845,5,RandomForest,30
LRLCVQSTHV,HPV16,0,0.265,5,RandomForest,30
LSIFDTSLF,EBV,0,0.67,5,RandomForest,30
LTAGFLIFL,EBV,1,0.88,5,RandomForest,30
LYALALLLL,EBV,1,0.73,5,RandomForest,30
LYNLRRGTA,EBV,0,0.165,5,RandomForest,30
MRERQLPQST,EBV,0,0.16,5,RandomForest,30
NAAEPEQPW,EBV,0,0.91,5,RandomForest,30
NIAEGLRAL,EBV,0,0.775,5,RandomForest,30
NPYAVCDKCL,HPV16,1,0.79,5,RandomForest,30
NYNPGTLSSL,EBV,0,0.5,5,RandomForest,30
PRAPHLPPQW,EBV,0,0.67,5,RandomForest,30
PRIMAPPVVR,EBV,0,0.425,5,RandomForest,30
QAKWRLQTL,EBV,1,0.915,5,RandomForest,30
QIFNKPYWL,HPV16,1,0.775,5,RandomForest,30
QLLRREVYDF,HPV16,1,0.64,5,RandomForest,30
QPAPENAYQAY,EBV,1,0.88,5,RandomForest,30
QPRAPIRPIT,EBV,1,0.805,5,RandomForest,30
QRIRRRRRRR,EBV,0,0.43,5,RandomForest,30
QRPVMFVSRV,EBV,0,0.78,5,RandomForest,30
QRSGRRQKRA,EBV,0,0.405,5,RandomForest,30
QRSYVSGVL,EBV,1,0.645,5,RandomForest,30
QSTHVDIRT,HPV16,0,0.59,5,RandomForest,30
QSTHVDIRTL,HPV16,0,0.705,5,RandomForest,30
QTAAAVVF,EBV,1,0.745,5,RandomForest,30
RAHYNIVTE,HPV16,1,0.295,5,RandomForest,30
RALIDEFMSV,EBV,1,0.735,5,RandomForest,30
RPPIFIRRLH,EBV,1,0.72,5,RandomForest,30
RPRKLPQLC,HPV16,1,0.855,5,RandomForest,30
RPRNRYSQL,EBV,1,0.87,5,RandomForest,30
RRIYDLIEL,EBV,1,0.945,5,RandomForest,30
SEYRHYCYSL,HPV16,1,0.81,5,RandomForest,30
SFLTALKRFL,HPV16,1,0.495,5,RandomForest,30
SLGGLLTMV,EBV,1,0.89,5,RandomForest,30
SRQSPDNERG,EBV,0,0.27,5,RandomForest,30
SSCSSCPL,EBV,1,0.82,5,RandomForest,30
STHVDIRTL,HPV16,1,0.77,5,RandomForest,30
SVRDRLAR,EBV,0,0.865,5,RandomForest,30
SYAAAQRKLL,EBV,1,0.75,5,RandomForest,30
THVDIRTLE,HPV16,1,0.6,5,RandomForest,30
TLGIVCPIC,HPV16,1,0.775,5,RandomForest,30
TLHEYMLDL,HPV16,1,0.85,5,RandomForest,30
TLLACFLLC,HPV16,0,0.455,5,RandomForest,30
TLLQQYCLYL,HPV16,1,0.86,5,RandomForest,30
TLLVDLLWL,EBV,1,0.805,5,RandomForest,30
TLRLCVQST,HPV16,0,0.625,5,RandomForest,30
TLYTAVSST,HPV16,1,0.73,5,RandomForest,30
TPRPVSRFL,EBV,1,0.82,5,RandomForest,30
TPSVSSSISSL,EBV,1,0.85,5,RandomForest,30
TVCGGIMFL,EBV,1,0.88,5,RandomForest,30
TYWQLNQNL,EBV,1,0.695,5,RandomForest,30
TYWQLNQNLL,EBV,0,0.685,5,RandomForest,30
VCDKCLKFY,HPV16,1,0.78,5,RandomForest,30
VLKDAIKDL,EBV,1,0.75,5,RandomForest,30
VQRTFGVPRRQ,EBV,1,0.775,5,RandomForest,30
VSTAPTGSWF,EBV,1,0.675,5,RandomForest,30
VYDFAFRDLC,HPV16,1,0.59,5,RandomForest,30
VYRDGNPYA,HPV16,1,0.655,5,RandomForest,30
WNLHGQALFL,EBV,1,0.715,5,RandomForest,30
WRHWLLTSPS,EBV,0,0.335,5,RandomForest,30
YFLEILWRL,EBV,0,0.82,5,RandomForest,30
YHLIVDTDSL,EBV,1,0.72,5,RandomForest,30
YLHNRLVVF,HPV16,1,0.755,5,RandomForest,30
YPKHEQHGM,EBV,0,0.88,5,RandomForest,30
YPLHEQRGM,EBV,1,0.945,5,RandomForest,30
YQCYNAVKM,EBV,1,0.78,5,RandomForest,30
YRDGNPYAV,HPV16,1,0.72,5,RandomForest,30
YYHAGTSRL,HPV16,1,0.64,5,RandomForest,30
